user_id,default_probability,default_risk_class,predicted_class,predicted_label,true_label,prediction_correct,decision_threshold,risk_band,model_version,scoring_timestamp
6943,0.0579580142536939,0,Repayment predicted,0,0,True,0.2939521667967618,Low Risk,2026-08-28_131115,2026-09-16T08:06:57.566406
2466,0.4359017533036557,1,Non-repayment predicted,1,1,True,0.2939521667967618,Medium Risk,2026-08-28_131115,2026-09-16T08:06:57.566406
6845,0.1148947391713065,0,Repayment predicted,0,0,True,0.2939521667967618,Low Risk,2026-08-28_131115,2026-09-16T08:06:57.566406
609,0.544153702738313,1,Non-repayment predicted,1,0,False,0.2939521667967618,High Risk,2026-08-28_131115,2026-09-16T08:06:57.566406
8992,0.4968328090193805,1,Non-repayment predicted,1,0,False,0.2939521667967618,Medium Risk,2026-08-28_131115,2026-09-16T08:06:57.566406
7478,0.4254954622268065,1,Non-repayment predicted,1,0,False,0.2939521667967618,Medium Risk,2026-08-28_131115,2026-09-16T08:06:57.566406
2224,0.435790750475085,1,Non-repayment predicted,1,0,False,0.2939521667967618,Medium Risk,2026-08-28_131115,2026-09-16T08:06:57.566406
5536,0.4507532547840061,1,Non-repayment predicted,1,0,False,0.2939521667967618,Medium Risk,2026-08-28_131115,2026-09-16T08:06:57.566406
2636,0.3882309906814947,1,Non-repayment predicted,1,0,False,0.2939521667967618,Medium Risk,2026-08-28_131115,2026-09-16T08:06:57.566406
6984,0.5027192069721523,1,Non-repayment predicted,1,0,False,0.2939521667967618,High Risk,2026-08-28_131115,2026-09-16T08:06:57.566406
4121,0.0912166323342366,0,Repayment predicted,0,0,True,0.2939521667967618,Low Risk,2026-08-28_131115,2026-09-16T08:06:57.566406
4275,0.5491826833308476,1,Non-repayment predicted,1,1,True,0.2939521667967618,High Risk,2026-08-28_131115,2026-09-16T08:06:57.566406
4417,0.4140496630112358,1,Non-repayment predicted,1,1,True,0.2939521667967618,Medium Risk,2026-08-28_131115,2026-09-16T08:06:57.566406
1505,0.0827607104454928,0,Repayment predicted,0,0,True,0.2939521667967618,Low Risk,2026-08-28_131115,2026-09-16T08:06:57.566406
8164,0.5808387635254885,1,Non-repayment predicted,1,1,True,0.2939521667967618,High Risk,2026-08-28_131115,2026-09-16T08:06:57.566406
3443,0.0616183496581648,0,Repayment predicted,0,0,True,0.2939521667967618,Low Risk,2026-08-28_131115,2026-09-16T08:06:57.566406
9102,0.5206049599641371,1,Non-repayment predicted,1,0,False,0.2939521667967618,High Risk,2026-08-28_131115,2026-09-16T08:06:57.566406
8108,0.6320489891327509,1,Non-repayment predicted,1,0,False,0.2939521667967618,High Risk,2026-08-28_131115,2026-09-16T08:06:57.566406
5297,0.4555697364761244,1,Non-repayment predicted,1,0,False,0.2939521667967618,Medium Risk,2026-08-28_131115,2026-09-16T08:06:57.566406
5519,0.0477042152807369,0,Repayment predicted,0,0,True,0.2939521667967618,Low Risk,2026-08-28_131115,2026-09-16T08:06:57.566406
9357,0.0807464777826531,0,Repayment predicted,0,0,True,0.2939521667967618,Low Risk,2026-08-28_131115,2026-09-16T08:06:57.566406
257,0.4845332070598062,1,Non-repayment predicted,1,1,True,0.2939521667967618,Medium Risk,2026-08-28_131115,2026-09-16T08:06:57.566406
5623,0.0616416705837122,0,Repayment predicted,0,0,True,0.2939521667967618,Low Risk,2026-08-28_131115,2026-09-16T08:06:57.566406
1917,0.4805901428844884,1,Non-repayment predicted,1,1,True,0.2939521667967618,Medium Risk,2026-08-28_131115,2026-09-16T08:06:57.566406
3809,0.5920927135393083,1,Non-repayment predicted,1,1,True,0.2939521667967618,High Risk,2026-08-28_131115,2026-09-16T08:06:57.566406
7125,0.0644911623497447,0,Repayment predicted,0,0,True,0.2939521667967618,Low Risk,2026-08-28_131115,2026-09-16T08:06:57.566406
2358,0.4962521575079566,1,Non-repayment predicted,1,0,False,0.2939521667967618,Medium Risk,2026-08-28_131115,2026-09-16T08:06:57.566406
235,0.5014488649119657,1,Non-repayment predicted,1,0,False,0.2939521667967618,High Risk,2026-08-28_131115,2026-09-16T08:06:57.566406
1240,0.4834089862121393,1,Non-repayment predicted,1,0,False,0.2939521667967618,Medium Risk,2026-08-28_131115,2026-09-16T08:06:57.566406
6720,0.5732181732879775,1,Non-repayment predicted,1,1,True,0.2939521667967618,High Risk,2026-08-28_131115,2026-09-16T08:06:57.566406
894,0.0687138447308672,0,Repayment predicted,0,0,True,0.2939521667967618,Low Risk,2026-08-28_131115,2026-09-16T08:06:57.566406
216,0.4287074940985593,1,Non-repayment predicted,1,0,False,0.2939521667967618,Medium Risk,2026-08-28_131115,2026-09-16T08:06:57.566406
1820,0.5701003618613106,1,Non-repayment predicted,1,0,False,0.2939521667967618,High Risk,2026-08-28_131115,2026-09-16T08:06:57.566406
10220,0.062583884634438,0,Repayment predicted,0,0,True,0.2939521667967618,Low Risk,2026-08-28_131115,2026-09-16T08:06:57.566406
6728,0.6067270058268343,1,Non-repayment predicted,1,0,False,0.2939521667967618,High Risk,2026-08-28_131115,2026-09-16T08:06:57.566406
6464,0.5495348568533079,1,Non-repayment predicted,1,0,False,0.2939521667967618,High Risk,2026-08-28_131115,2026-09-16T08:06:57.566406
9542,0.4605578285367616,1,Non-repayment predicted,1,0,False,0.2939521667967618,Medium Risk,2026-08-28_131115,2026-09-16T08:06:57.566406
5118,0.0672624855377228,0,Repayment predicted,0,0,True,0.2939521667967618,Low Risk,2026-08-28_131115,2026-09-16T08:06:57.566406
6759,0.0675379312965092,0,Repayment predicted,0,1,False,0.2939521667967618,Low Risk,2026-08-28_131115,2026-09-16T08:06:57.566406
3299,0.0517510144877301,0,Repayment predicted,0,0,True,0.2939521667967618,Low Risk,2026-08-28_131115,2026-09-16T08:06:57.566406
1691,0.0917529966030216,0,Repayment predicted,0,0,True,0.2939521667967618,Low Risk,2026-08-28_131115,2026-09-16T08:06:57.566406
7357,0.4690452913291254,1,Non-repayment predicted,1,1,True,0.2939521667967618,Medium Risk,2026-08-28_131115,2026-09-16T08:06:57.566406
7749,0.5108362394258306,1,Non-repayment predicted,1,1,True,0.2939521667967618,High Risk,2026-08-28_131115,2026-09-16T08:06:57.566406
3834,0.4356878492661115,1,Non-repayment predicted,1,0,False,0.2939521667967618,Medium Risk,2026-08-28_131115,2026-09-16T08:06:57.566406
5434,0.4732020095308486,1,Non-repayment predicted,1,0,False,0.2939521667967618,Medium Risk,2026-08-28_131115,2026-09-16T08:06:57.566406
241,0.0676049111979334,0,Repayment predicted,0,0,True,0.2939521667967618,Low Risk,2026-08-28_131115,2026-09-16T08:06:57.566406
8395,0.0741223297121941,0,Repayment predicted,0,0,True,0.2939521667967618,Low Risk,2026-08-28_131115,2026-09-16T08:06:57.566406
9287,0.0714732366665707,0,Repayment predicted,0,0,True,0.2939521667967618,Low Risk,2026-08-28_131115,2026-09-16T08:06:57.566406
4872,0.0886336309216164,0,Repayment predicted,0,0,True,0.2939521667967618,Low Risk,2026-08-28_131115,2026-09-16T08:06:57.566406
3307,0.453009435928436,1,Non-repayment predicted,1,0,False,0.2939521667967618,Medium Risk,2026-08-28_131115,2026-09-16T08:06:57.566406
4174,0.4781139739143867,1,Non-repayment predicted,1,1,True,0.2939521667967618,Medium Risk,2026-08-28_131115,2026-09-16T08:06:57.566406
6819,0.0948051083152468,0,Repayment predicted,0,0,True,0.2939521667967618,Low Risk,2026-08-28_131115,2026-09-16T08:06:57.566406
4885,0.547302782889777,1,Non-repayment predicted,1,1,True,0.2939521667967618,High Risk,2026-08-28_131115,2026-09-16T08:06:57.566406
882,0.5126478951072402,1,Non-repayment predicted,1,0,False,0.2939521667967618,High Risk,2026-08-28_131115,2026-09-16T08:06:57.566406
8618,0.4199147128613081,1,Non-repayment predicted,1,1,True,0.2939521667967618,Medium Risk,2026-08-28_131115,2026-09-16T08:06:57.566406
9744,0.4780895826824765,1,Non-repayment predicted,1,1,True,0.2939521667967618,Medium Risk,2026-08-28_131115,2026-09-16T08:06:57.566406
6749,0.5274744598250731,1,Non-repayment predicted,1,0,False,0.2939521667967618,High Risk,2026-08-28_131115,2026-09-16T08:06:57.566406
8780,0.0582648576605794,0,Repayment predicted,0,0,True,0.2939521667967618,Low Risk,2026-08-28_131115,2026-09-16T08:06:57.566406
4809,0.6237548216546365,1,Non-repayment predicted,1,1,True,0.2939521667967618,High Risk,2026-08-28_131115,2026-09-16T08:06:57.566406
6981,0.4302464683424408,1,Non-repayment predicted,1,1,True,0.2939521667967618,Medium Risk,2026-08-28_131115,2026-09-16T08:06:57.566406
3072,0.4606641548004028,1,Non-repayment predicted,1,1,True,0.2939521667967618,Medium Risk,2026-08-28_131115,2026-09-16T08:06:57.566406
9863,0.4103167517850679,1,Non-repayment predicted,1,1,True,0.2939521667967618,Medium Risk,2026-08-28_131115,2026-09-16T08:06:57.566406
1036,0.2713020354399976,0,Repayment predicted,0,0,True,0.2939521667967618,Medium Risk,2026-08-28_131115,2026-09-16T08:06:57.566406
6895,0.5819076105865264,1,Non-repayment predicted,1,1,True,0.2939521667967618,High Risk,2026-08-28_131115,2026-09-16T08:06:57.566406
4135,0.6005831976817139,1,Non-repayment predicted,1,0,False,0.2939521667967618,High Risk,2026-08-28_131115,2026-09-16T08:06:57.566406
10200,0.0695952471422276,0,Repayment predicted,0,0,True,0.2939521667967618,Low Risk,2026-08-28_131115,2026-09-16T08:06:57.566406
1178,0.6410562320797616,1,Non-repayment predicted,1,1,True,0.2939521667967618,High Risk,2026-08-28_131115,2026-09-16T08:06:57.566406
1704,0.4752419828519471,1,Non-repayment predicted,1,0,False,0.2939521667967618,Medium Risk,2026-08-28_131115,2026-09-16T08:06:57.566406
4045,0.5596639392348465,1,Non-repayment predicted,1,0,False,0.2939521667967618,High Risk,2026-08-28_131115,2026-09-16T08:06:57.566406
5900,0.5020888178235772,1,Non-repayment predicted,1,1,True,0.2939521667967618,High Risk,2026-08-28_131115,2026-09-16T08:06:57.566406
8416,0.4003147155968513,1,Non-repayment predicted,1,0,False,0.2939521667967618,Medium Risk,2026-08-28_131115,2026-09-16T08:06:57.566406
4605,0.4114720553555448,1,Non-repayment predicted,1,0,False,0.2939521667967618,Medium Risk,2026-08-28_131115,2026-09-16T08:06:57.566406
1604,0.5687758846329013,1,Non-repayment predicted,1,0,False,0.2939521667967618,High Risk,2026-08-28_131115,2026-09-16T08:06:57.566406
614,0.5285431551754072,1,Non-repayment predicted,1,1,True,0.2939521667967618,High Risk,2026-08-28_131115,2026-09-16T08:06:57.566406
9920,0.0514613142572029,0,Repayment predicted,0,0,True,0.2939521667967618,Low Risk,2026-08-28_131115,2026-09-16T08:06:57.566406
3924,0.5356844683356112,1,Non-repayment predicted,1,1,True,0.2939521667967618,High Risk,2026-08-28_131115,2026-09-16T08:06:57.566406
9687,0.0839360201894648,0,Repayment predicted,0,1,False,0.2939521667967618,Low Risk,2026-08-28_131115,2026-09-16T08:06:57.566406
9500,0.5375182700884253,1,Non-repayment predicted,1,0,False,0.2939521667967618,High Risk,2026-08-28_131115,2026-09-16T08:06:57.566406
2283,0.4714330001483216,1,Non-repayment predicted,1,0,False,0.2939521667967618,Medium Risk,2026-08-28_131115,2026-09-16T08:06:57.566406
8525,0.0618038444495789,0,Repayment predicted,0,0,True,0.2939521667967618,Low Risk,2026-08-28_131115,2026-09-16T08:06:57.566406
6367,0.4766416215003016,1,Non-repayment predicted,1,1,True,0.2939521667967618,Medium Risk,2026-08-28_131115,2026-09-16T08:06:57.566406
1382,0.4505591517869727,1,Non-repayment predicted,1,0,False,0.2939521667967618,Medium Risk,2026-08-28_131115,2026-09-16T08:06:57.566406
8816,0.580074996312758,1,Non-repayment predicted,1,1,True,0.2939521667967618,High Risk,2026-08-28_131115,2026-09-16T08:06:57.566406
2453,0.5318554253744544,1,Non-repayment predicted,1,1,True,0.2939521667967618,High Risk,2026-08-28_131115,2026-09-16T08:06:57.566406
586,0.5946848161095055,1,Non-repayment predicted,1,0,False,0.2939521667967618,High Risk,2026-08-28_131115,2026-09-16T08:06:57.566406
1931,0.477651644638747,1,Non-repayment predicted,1,1,True,0.2939521667967618,Medium Risk,2026-08-28_131115,2026-09-16T08:06:57.566406
7335,0.0763016082645863,0,Repayment predicted,0,0,True,0.2939521667967618,Low Risk,2026-08-28_131115,2026-09-16T08:06:57.566406
8463,0.0659137821012719,0,Repayment predicted,0,0,True,0.2939521667967618,Low Risk,2026-08-28_131115,2026-09-16T08:06:57.566406
5482,0.0680803618661039,0,Repayment predicted,0,0,True,0.2939521667967618,Low Risk,2026-08-28_131115,2026-09-16T08:06:57.566406
6079,0.1026079969267409,0,Repayment predicted,0,0,True,0.2939521667967618,Low Risk,2026-08-28_131115,2026-09-16T08:06:57.566406
5410,0.6129999621360354,1,Non-repayment predicted,1,0,False,0.2939521667967618,High Risk,2026-08-28_131115,2026-09-16T08:06:57.566406
6815,0.1120355703474114,0,Repayment predicted,0,1,False,0.2939521667967618,Low Risk,2026-08-28_131115,2026-09-16T08:06:57.566406
2980,0.5434061800009989,1,Non-repayment predicted,1,1,True,0.2939521667967618,High Risk,2026-08-28_131115,2026-09-16T08:06:57.566406
754,0.0510944690449768,0,Repayment predicted,0,0,True,0.2939521667967618,Low Risk,2026-08-28_131115,2026-09-16T08:06:57.566406
2154,0.4402771255510387,1,Non-repayment predicted,1,0,False,0.2939521667967618,Medium Risk,2026-08-28_131115,2026-09-16T08:06:57.566406
4815,0.4764936167647283,1,Non-repayment predicted,1,0,False,0.2939521667967618,Medium Risk,2026-08-28_131115,2026-09-16T08:06:57.566406
5510,0.100137373004349,0,Repayment predicted,0,0,True,0.2939521667967618,Low Risk,2026-08-28_131115,2026-09-16T08:06:57.566406
9865,0.5474047714170172,1,Non-repayment predicted,1,0,False,0.2939521667967618,High Risk,2026-08-28_131115,2026-09-16T08:06:57.566406
2793,0.4389008880056672,1,Non-repayment predicted,1,1,True,0.2939521667967618,Medium Risk,2026-08-28_131115,2026-09-16T08:06:57.566406
4861,0.483519350587816,1,Non-repayment predicted,1,0,False,0.2939521667967618,Medium Risk,2026-08-28_131115,2026-09-16T08:06:57.566406
3699,0.6256101108925292,1,Non-repayment predicted,1,0,False,0.2939521667967618,High Risk,2026-08-28_131115,2026-09-16T08:06:57.566406
2400,0.4180726548666067,1,Non-repayment predicted,1,0,False,0.2939521667967618,Medium Risk,2026-08-28_131115,2026-09-16T08:06:57.566406
8787,0.0648581862484428,0,Repayment predicted,0,0,True,0.2939521667967618,Low Risk,2026-08-28_131115,2026-09-16T08:06:57.566406
9115,0.07312360933214,0,Repayment predicted,0,0,True,0.2939521667967618,Low Risk,2026-08-28_131115,2026-09-16T08:06:57.566406
1611,0.5440631776664582,1,Non-repayment predicted,1,1,True,0.2939521667967618,High Risk,2026-08-28_131115,2026-09-16T08:06:57.566406
1597,0.4847284771968491,1,Non-repayment predicted,1,0,False,0.2939521667967618,Medium Risk,2026-08-28_131115,2026-09-16T08:06:57.566406
7602,0.4313562802211538,1,Non-repayment predicted,1,0,False,0.2939521667967618,Medium Risk,2026-08-28_131115,2026-09-16T08:06:57.566406
2005,0.0774988910087117,0,Repayment predicted,0,0,True,0.2939521667967618,Low Risk,2026-08-28_131115,2026-09-16T08:06:57.566406
5462,0.4909450698258164,1,Non-repayment predicted,1,0,False,0.2939521667967618,Medium Risk,2026-08-28_131115,2026-09-16T08:06:57.566406
1207,0.1025377174781321,0,Repayment predicted,0,0,True,0.2939521667967618,Low Risk,2026-08-28_131115,2026-09-16T08:06:57.566406
8245,0.4582352109412709,1,Non-repayment predicted,1,1,True,0.2939521667967618,Medium Risk,2026-08-28_131115,2026-09-16T08:06:57.566406
8039,0.6511541046105531,1,Non-repayment predicted,1,1,True,0.2939521667967618,High Risk,2026-08-28_131115,2026-09-16T08:06:57.566406
10314,0.4758387328171087,1,Non-repayment predicted,1,0,False,0.2939521667967618,Medium Risk,2026-08-28_131115,2026-09-16T08:06:57.566406
6413,0.0482296624830044,0,Repayment predicted,0,0,True,0.2939521667967618,Low Risk,2026-08-28_131115,2026-09-16T08:06:57.566406
3259,0.608614445759362,1,Non-repayment predicted,1,1,True,0.2939521667967618,High Risk,2026-08-28_131115,2026-09-16T08:06:57.566406
8292,0.5200463566210537,1,Non-repayment predicted,1,1,True,0.2939521667967618,High Risk,2026-08-28_131115,2026-09-16T08:06:57.566406
6669,0.4493684289061543,1,Non-repayment predicted,1,0,False,0.2939521667967618,Medium Risk,2026-08-28_131115,2026-09-16T08:06:57.566406
6313,0.0509042127114139,0,Repayment predicted,0,0,True,0.2939521667967618,Low Risk,2026-08-28_131115,2026-09-16T08:06:57.566406
1829,0.0683299426173282,0,Repayment predicted,0,0,True,0.2939521667967618,Low Risk,2026-08-28_131115,2026-09-16T08:06:57.566406
7723,0.4194663380187491,1,Non-repayment predicted,1,0,False,0.2939521667967618,Medium Risk,2026-08-28_131115,2026-09-16T08:06:57.566406
6840,0.5311008399440951,1,Non-repayment predicted,1,1,True,0.2939521667967618,High Risk,2026-08-28_131115,2026-09-16T08:06:57.566406
8120,0.4853594942835429,1,Non-repayment predicted,1,1,True,0.2939521667967618,Medium Risk,2026-08-28_131115,2026-09-16T08:06:57.566406
3711,0.4565302384558644,1,Non-repayment predicted,1,0,False,0.2939521667967618,Medium Risk,2026-08-28_131115,2026-09-16T08:06:57.566406
10108,0.5460165078510832,1,Non-repayment predicted,1,0,False,0.2939521667967618,High Risk,2026-08-28_131115,2026-09-16T08:06:57.566406
4742,0.4436949928133831,1,Non-repayment predicted,1,0,False,0.2939521667967618,Medium Risk,2026-08-28_131115,2026-09-16T08:06:57.566406
8655,0.4443511230027727,1,Non-repayment predicted,1,0,False,0.2939521667967618,Medium Risk,2026-08-28_131115,2026-09-16T08:06:57.566406
3289,0.4950211684070104,1,Non-repayment predicted,1,0,False,0.2939521667967618,Medium Risk,2026-08-28_131115,2026-09-16T08:06:57.566406
6528,0.4088554105960922,1,Non-repayment predicted,1,0,False,0.2939521667967618,Medium Risk,2026-08-28_131115,2026-09-16T08:06:57.566406
974,0.5587132705624621,1,Non-repayment predicted,1,0,False,0.2939521667967618,High Risk,2026-08-28_131115,2026-09-16T08:06:57.566406
6768,0.4969023205363925,1,Non-repayment predicted,1,1,True,0.2939521667967618,Medium Risk,2026-08-28_131115,2026-09-16T08:06:57.566406
3929,0.2363401503668369,0,Repayment predicted,0,1,False,0.2939521667967618,Low Risk,2026-08-28_131115,2026-09-16T08:06:57.566406
1107,0.0753819441478144,0,Repayment predicted,0,0,True,0.2939521667967618,Low Risk,2026-08-28_131115,2026-09-16T08:06:57.566406
2986,0.5263032966795373,1,Non-repayment predicted,1,1,True,0.2939521667967618,High Risk,2026-08-28_131115,2026-09-16T08:06:57.566406
9140,0.0558343571165169,0,Repayment predicted,0,0,True,0.2939521667967618,Low Risk,2026-08-28_131115,2026-09-16T08:06:57.566406
8069,0.4504741284052765,1,Non-repayment predicted,1,0,False,0.2939521667967618,Medium Risk,2026-08-28_131115,2026-09-16T08:06:57.566406
7894,0.3981092342346712,1,Non-repayment predicted,1,0,False,0.2939521667967618,Medium Risk,2026-08-28_131115,2026-09-16T08:06:57.566406
4501,0.7659324659106714,1,Non-repayment predicted,1,1,True,0.2939521667967618,Very High Risk,2026-08-28_131115,2026-09-16T08:06:57.566406
7364,0.0675077281220859,0,Repayment predicted,0,0,True,0.2939521667967618,Low Risk,2026-08-28_131115,2026-09-16T08:06:57.566406
6245,0.1060865114247449,0,Repayment predicted,0,1,False,0.2939521667967618,Low Risk,2026-08-28_131115,2026-09-16T08:06:57.566406
7722,0.0846805710298675,0,Repayment predicted,0,0,True,0.2939521667967618,Low Risk,2026-08-28_131115,2026-09-16T08:06:57.566406
4624,0.5218827057739016,1,Non-repayment predicted,1,1,True,0.2939521667967618,High Risk,2026-08-28_131115,2026-09-16T08:06:57.566406
5972,0.4944755498835624,1,Non-repayment predicted,1,1,True,0.2939521667967618,Medium Risk,2026-08-28_131115,2026-09-16T08:06:57.566406
5740,0.432856447067081,1,Non-repayment predicted,1,0,False,0.2939521667967618,Medium Risk,2026-08-28_131115,2026-09-16T08:06:57.566406
9346,0.4565656862683003,1,Non-repayment predicted,1,1,True,0.2939521667967618,Medium Risk,2026-08-28_131115,2026-09-16T08:06:57.566406
8900,0.6303908087743572,1,Non-repayment predicted,1,0,False,0.2939521667967618,High Risk,2026-08-28_131115,2026-09-16T08:06:57.566406
3484,0.0468315328571714,0,Repayment predicted,0,1,False,0.2939521667967618,Low Risk,2026-08-28_131115,2026-09-16T08:06:57.566406
6453,0.4237565323488064,1,Non-repayment predicted,1,1,True,0.2939521667967618,Medium Risk,2026-08-28_131115,2026-09-16T08:06:57.566406
3543,0.0458685211077101,0,Repayment predicted,0,0,True,0.2939521667967618,Low Risk,2026-08-28_131115,2026-09-16T08:06:57.566406
333,0.4750059695089206,1,Non-repayment predicted,1,1,True,0.2939521667967618,Medium Risk,2026-08-28_131115,2026-09-16T08:06:57.566406
4474,0.3853386748375303,1,Non-repayment predicted,1,1,True,0.2939521667967618,Medium Risk,2026-08-28_131115,2026-09-16T08:06:57.566406
4927,0.5688688392458513,1,Non-repayment predicted,1,1,True,0.2939521667967618,High Risk,2026-08-28_131115,2026-09-16T08:06:57.566406
953,0.5487005741313177,1,Non-repayment predicted,1,1,True,0.2939521667967618,High Risk,2026-08-28_131115,2026-09-16T08:06:57.566406
9029,0.4127268434380587,1,Non-repayment predicted,1,0,False,0.2939521667967618,Medium Risk,2026-08-28_131115,2026-09-16T08:06:57.566406
3944,0.3992688694984906,1,Non-repayment predicted,1,0,False,0.2939521667967618,Medium Risk,2026-08-28_131115,2026-09-16T08:06:57.566406
3782,0.4746270327984023,1,Non-repayment predicted,1,1,True,0.2939521667967618,Medium Risk,2026-08-28_131115,2026-09-16T08:06:57.566406
4431,0.7203439142629346,1,Non-repayment predicted,1,1,True,0.2939521667967618,High Risk,2026-08-28_131115,2026-09-16T08:06:57.566406
9070,0.5200119024439579,1,Non-repayment predicted,1,1,True,0.2939521667967618,High Risk,2026-08-28_131115,2026-09-16T08:06:57.566406
10294,0.08066657805944,0,Repayment predicted,0,0,True,0.2939521667967618,Low Risk,2026-08-28_131115,2026-09-16T08:06:57.566406
8540,0.5464264875133928,1,Non-repayment predicted,1,1,True,0.2939521667967618,High Risk,2026-08-28_131115,2026-09-16T08:06:57.566406
7423,0.0757571954404921,0,Repayment predicted,0,0,True,0.2939521667967618,Low Risk,2026-08-28_131115,2026-09-16T08:06:57.566406
8189,0.5559450891980988,1,Non-repayment predicted,1,1,True,0.2939521667967618,High Risk,2026-08-28_131115,2026-09-16T08:06:57.566406
6548,0.4058961025925438,1,Non-repayment predicted,1,1,True,0.2939521667967618,Medium Risk,2026-08-28_131115,2026-09-16T08:06:57.566406
4628,0.0551317884722464,0,Repayment predicted,0,0,True,0.2939521667967618,Low Risk,2026-08-28_131115,2026-09-16T08:06:57.566406
8918,0.5169804080809995,1,Non-repayment predicted,1,1,True,0.2939521667967618,High Risk,2026-08-28_131115,2026-09-16T08:06:57.566406
7791,0.1698018558367164,0,Repayment predicted,0,0,True,0.2939521667967618,Low Risk,2026-08-28_131115,2026-09-16T08:06:57.566406
6502,0.3645262519458689,1,Non-repayment predicted,1,0,False,0.2939521667967618,Medium Risk,2026-08-28_131115,2026-09-16T08:06:57.566406
2968,0.5647164888489422,1,Non-repayment predicted,1,1,True,0.2939521667967618,High Risk,2026-08-28_131115,2026-09-16T08:06:57.566406
313,0.076017751577276,0,Repayment predicted,0,0,True,0.2939521667967618,Low Risk,2026-08-28_131115,2026-09-16T08:06:57.566406
4240,0.4677895064038014,1,Non-repayment predicted,1,0,False,0.2939521667967618,Medium Risk,2026-08-28_131115,2026-09-16T08:06:57.566406
6491,0.5360930290568938,1,Non-repayment predicted,1,1,True,0.2939521667967618,High Risk,2026-08-28_131115,2026-09-16T08:06:57.566406
1089,0.0790918917204905,0,Repayment predicted,0,0,True,0.2939521667967618,Low Risk,2026-08-28_131115,2026-09-16T08:06:57.566406
4458,0.7145338707786524,1,Non-repayment predicted,1,1,True,0.2939521667967618,High Risk,2026-08-28_131115,2026-09-16T08:06:57.566406
2457,0.5516287050140465,1,Non-repayment predicted,1,1,True,0.2939521667967618,High Risk,2026-08-28_131115,2026-09-16T08:06:57.566406
4827,0.1092572851443489,0,Repayment predicted,0,0,True,0.2939521667967618,Low Risk,2026-08-28_131115,2026-09-16T08:06:57.566406
8414,0.3842584122217523,1,Non-repayment predicted,1,1,True,0.2939521667967618,Medium Risk,2026-08-28_131115,2026-09-16T08:06:57.566406
6085,0.5519908407123987,1,Non-repayment predicted,1,1,True,0.2939521667967618,High Risk,2026-08-28_131115,2026-09-16T08:06:57.566406
10231,0.0370198377097478,0,Repayment predicted,0,0,True,0.2939521667967618,Low Risk,2026-08-28_131115,2026-09-16T08:06:57.566406
10288,0.5309727577646466,1,Non-repayment predicted,1,1,True,0.2939521667967618,High Risk,2026-08-28_131115,2026-09-16T08:06:57.566406
1269,0.4771762806799,1,Non-repayment predicted,1,0,False,0.2939521667967618,Medium Risk,2026-08-28_131115,2026-09-16T08:06:57.566406
2889,0.4454713284743005,1,Non-repayment predicted,1,0,False,0.2939521667967618,Medium Risk,2026-08-28_131115,2026-09-16T08:06:57.566406
9085,0.5817670969071637,1,Non-repayment predicted,1,1,True,0.2939521667967618,High Risk,2026-08-28_131115,2026-09-16T08:06:57.566406
645,0.4670439078321742,1,Non-repayment predicted,1,0,False,0.2939521667967618,Medium Risk,2026-08-28_131115,2026-09-16T08:06:57.566406
9489,0.4407616835205519,1,Non-repayment predicted,1,1,True,0.2939521667967618,Medium Risk,2026-08-28_131115,2026-09-16T08:06:57.566406
2258,0.6008350323794298,1,Non-repayment predicted,1,1,True,0.2939521667967618,High Risk,2026-08-28_131115,2026-09-16T08:06:57.566406
9359,0.4328951591327957,1,Non-repayment predicted,1,0,False,0.2939521667967618,Medium Risk,2026-08-28_131115,2026-09-16T08:06:57.566406
3657,0.5617988897540126,1,Non-repayment predicted,1,0,False,0.2939521667967618,High Risk,2026-08-28_131115,2026-09-16T08:06:57.566406
6167,0.1215147460597112,0,Repayment predicted,0,0,True,0.2939521667967618,Low Risk,2026-08-28_131115,2026-09-16T08:06:57.566406
3890,0.4750388058458691,1,Non-repayment predicted,1,1,True,0.2939521667967618,Medium Risk,2026-08-28_131115,2026-09-16T08:06:57.566406
7232,0.0635150199676232,0,Repayment predicted,0,0,True,0.2939521667967618,Low Risk,2026-08-28_131115,2026-09-16T08:06:57.566406
6566,0.4479119282652126,1,Non-repayment predicted,1,0,False,0.2939521667967618,Medium Risk,2026-08-28_131115,2026-09-16T08:06:57.566406
6634,0.4557006917939886,1,Non-repayment predicted,1,1,True,0.2939521667967618,Medium Risk,2026-08-28_131115,2026-09-16T08:06:57.566406
10134,0.0772335064593342,0,Repayment predicted,0,0,True,0.2939521667967618,Low Risk,2026-08-28_131115,2026-09-16T08:06:57.566406
9171,0.5534456682471429,1,Non-repayment predicted,1,0,False,0.2939521667967618,High Risk,2026-08-28_131115,2026-09-16T08:06:57.566406
5117,0.0674572344988622,0,Repayment predicted,0,0,True,0.2939521667967618,Low Risk,2026-08-28_131115,2026-09-16T08:06:57.566406
932,0.4346241547323439,1,Non-repayment predicted,1,0,False,0.2939521667967618,Medium Risk,2026-08-28_131115,2026-09-16T08:06:57.566406
4391,0.0803987073001048,0,Repayment predicted,0,0,True,0.2939521667967618,Low Risk,2026-08-28_131115,2026-09-16T08:06:57.566406
8833,0.4953866277283136,1,Non-repayment predicted,1,1,True,0.2939521667967618,Medium Risk,2026-08-28_131115,2026-09-16T08:06:57.566406
5044,0.6343713954415723,1,Non-repayment predicted,1,0,False,0.2939521667967618,High Risk,2026-08-28_131115,2026-09-16T08:06:57.566406
9683,0.4553783375425964,1,Non-repayment predicted,1,0,False,0.2939521667967618,Medium Risk,2026-08-28_131115,2026-09-16T08:06:57.566406
7072,0.4866632646511469,1,Non-repayment predicted,1,0,False,0.2939521667967618,Medium Risk,2026-08-28_131115,2026-09-16T08:06:57.566406
4280,0.3598844776333749,1,Non-repayment predicted,1,1,True,0.2939521667967618,Medium Risk,2026-08-28_131115,2026-09-16T08:06:57.566406
7092,0.0931891618266721,0,Repayment predicted,0,0,True,0.2939521667967618,Low Risk,2026-08-28_131115,2026-09-16T08:06:57.566406
4645,0.4320504541972234,1,Non-repayment predicted,1,0,False,0.2939521667967618,Medium Risk,2026-08-28_131115,2026-09-16T08:06:57.566406
9442,0.0891878948092766,0,Repayment predicted,0,1,False,0.2939521667967618,Low Risk,2026-08-28_131115,2026-09-16T08:06:57.566406
10222,0.5508374032379774,1,Non-repayment predicted,1,0,False,0.2939521667967618,High Risk,2026-08-28_131115,2026-09-16T08:06:57.566406
5334,0.4812395512323637,1,Non-repayment predicted,1,1,True,0.2939521667967618,Medium Risk,2026-08-28_131115,2026-09-16T08:06:57.566406
8819,0.5832693173982847,1,Non-repayment predicted,1,1,True,0.2939521667967618,High Risk,2026-08-28_131115,2026-09-16T08:06:57.566406
6089,0.5052507618291348,1,Non-repayment predicted,1,0,False,0.2939521667967618,High Risk,2026-08-28_131115,2026-09-16T08:06:57.566406
5948,0.428419871747534,1,Non-repayment predicted,1,0,False,0.2939521667967618,Medium Risk,2026-08-28_131115,2026-09-16T08:06:57.566406
1069,0.3911552374427146,1,Non-repayment predicted,1,1,True,0.2939521667967618,Medium Risk,2026-08-28_131115,2026-09-16T08:06:57.566406
5435,0.4938442431898345,1,Non-repayment predicted,1,1,True,0.2939521667967618,Medium Risk,2026-08-28_131115,2026-09-16T08:06:57.566406
8514,0.527380226869036,1,Non-repayment predicted,1,1,True,0.2939521667967618,High Risk,2026-08-28_131115,2026-09-16T08:06:57.566406
10043,0.524518517501684,1,Non-repayment predicted,1,0,False,0.2939521667967618,High Risk,2026-08-28_131115,2026-09-16T08:06:57.566406
3463,0.4986580462911374,1,Non-repayment predicted,1,0,False,0.2939521667967618,Medium Risk,2026-08-28_131115,2026-09-16T08:06:57.566406
2698,0.0604048948094672,0,Repayment predicted,0,0,True,0.2939521667967618,Low Risk,2026-08-28_131115,2026-09-16T08:06:57.566406
1842,0.0774869596227847,0,Repayment predicted,0,0,True,0.2939521667967618,Low Risk,2026-08-28_131115,2026-09-16T08:06:57.566406
9471,0.5499021981300292,1,Non-repayment predicted,1,1,True,0.2939521667967618,High Risk,2026-08-28_131115,2026-09-16T08:06:57.566406
8532,0.4237959698358513,1,Non-repayment predicted,1,0,False,0.2939521667967618,Medium Risk,2026-08-28_131115,2026-09-16T08:06:57.566406
10225,0.477823467114867,1,Non-repayment predicted,1,0,False,0.2939521667967618,Medium Risk,2026-08-28_131115,2026-09-16T08:06:57.566406
3401,0.4760995685756138,1,Non-repayment predicted,1,1,True,0.2939521667967618,Medium Risk,2026-08-28_131115,2026-09-16T08:06:57.566406
8728,0.5663012157697734,1,Non-repayment predicted,1,0,False,0.2939521667967618,High Risk,2026-08-28_131115,2026-09-16T08:06:57.566406
9924,0.0860618601856713,0,Repayment predicted,0,0,True,0.2939521667967618,Low Risk,2026-08-28_131115,2026-09-16T08:06:57.566406
9297,0.1030334937474777,0,Repayment predicted,0,0,True,0.2939521667967618,Low Risk,2026-08-28_131115,2026-09-16T08:06:57.566406
6200,0.0858356951784252,0,Repayment predicted,0,0,True,0.2939521667967618,Low Risk,2026-08-28_131115,2026-09-16T08:06:57.566406
1011,0.0442896184491139,0,Repayment predicted,0,0,True,0.2939521667967618,Low Risk,2026-08-28_131115,2026-09-16T08:06:57.566406
1683,0.0941836852822552,0,Repayment predicted,0,0,True,0.2939521667967618,Low Risk,2026-08-28_131115,2026-09-16T08:06:57.566406
8503,0.5468036244671839,1,Non-repayment predicted,1,0,False,0.2939521667967618,High Risk,2026-08-28_131115,2026-09-16T08:06:57.566406
2806,0.0885547091461843,0,Repayment predicted,0,0,True,0.2939521667967618,Low Risk,2026-08-28_131115,2026-09-16T08:06:57.566406
8539,0.4806978180974459,1,Non-repayment predicted,1,0,False,0.2939521667967618,Medium Risk,2026-08-28_131115,2026-09-16T08:06:57.566406
1365,0.0806510182958512,0,Repayment predicted,0,0,True,0.2939521667967618,Low Risk,2026-08-28_131115,2026-09-16T08:06:57.566406
1478,0.5129462362295321,1,Non-repayment predicted,1,1,True,0.2939521667967618,High Risk,2026-08-28_131115,2026-09-16T08:06:57.566406
1509,0.0770481610785725,0,Repayment predicted,0,0,True,0.2939521667967618,Low Risk,2026-08-28_131115,2026-09-16T08:06:57.566406
4457,0.0974418234698851,0,Repayment predicted,0,0,True,0.2939521667967618,Low Risk,2026-08-28_131115,2026-09-16T08:06:57.566406
5597,0.4747072707457664,1,Non-repayment predicted,1,1,True,0.2939521667967618,Medium Risk,2026-08-28_131115,2026-09-16T08:06:57.566406
1815,0.0724806313903649,0,Repayment predicted,0,0,True,0.2939521667967618,Low Risk,2026-08-28_131115,2026-09-16T08:06:57.566406
6008,0.1911915668177258,0,Repayment predicted,0,1,False,0.2939521667967618,Low Risk,2026-08-28_131115,2026-09-16T08:06:57.566406
1414,0.5119529880782023,1,Non-repayment predicted,1,1,True,0.2939521667967618,High Risk,2026-08-28_131115,2026-09-16T08:06:57.566406
3525,0.6049095067465315,1,Non-repayment predicted,1,1,True,0.2939521667967618,High Risk,2026-08-28_131115,2026-09-16T08:06:57.566406
3236,0.4166418294136177,1,Non-repayment predicted,1,1,True,0.2939521667967618,Medium Risk,2026-08-28_131115,2026-09-16T08:06:57.566406
6663,0.5299717779224414,1,Non-repayment predicted,1,1,True,0.2939521667967618,High Risk,2026-08-28_131115,2026-09-16T08:06:57.566406
3178,0.5550771333756678,1,Non-repayment predicted,1,1,True,0.2939521667967618,High Risk,2026-08-28_131115,2026-09-16T08:06:57.566406
5679,0.4489772944390518,1,Non-repayment predicted,1,1,True,0.2939521667967618,Medium Risk,2026-08-28_131115,2026-09-16T08:06:57.566406
7117,0.5075180533914705,1,Non-repayment predicted,1,0,False,0.2939521667967618,High Risk,2026-08-28_131115,2026-09-16T08:06:57.566406
9027,0.4136396249574369,1,Non-repayment predicted,1,0,False,0.2939521667967618,Medium Risk,2026-08-28_131115,2026-09-16T08:06:57.566406
1380,0.0818112076673924,0,Repayment predicted,0,0,True,0.2939521667967618,Low Risk,2026-08-28_131115,2026-09-16T08:06:57.566406
1345,0.5008106587358322,1,Non-repayment predicted,1,0,False,0.2939521667967618,High Risk,2026-08-28_131115,2026-09-16T08:06:57.566406
5108,0.5023160128635691,1,Non-repayment predicted,1,0,False,0.2939521667967618,High Risk,2026-08-28_131115,2026-09-16T08:06:57.566406
9008,0.543943865252914,1,Non-repayment predicted,1,1,True,0.2939521667967618,High Risk,2026-08-28_131115,2026-09-16T08:06:57.566406
1092,0.5365858088268629,1,Non-repayment predicted,1,1,True,0.2939521667967618,High Risk,2026-08-28_131115,2026-09-16T08:06:57.566406
7067,0.4598361221371619,1,Non-repayment predicted,1,1,True,0.2939521667967618,Medium Risk,2026-08-28_131115,2026-09-16T08:06:57.566406
918,0.4774824486629771,1,Non-repayment predicted,1,1,True,0.2939521667967618,Medium Risk,2026-08-28_131115,2026-09-16T08:06:57.566406
6565,0.5454730710034681,1,Non-repayment predicted,1,1,True,0.2939521667967618,High Risk,2026-08-28_131115,2026-09-16T08:06:57.566406
9313,0.0327137784873595,0,Repayment predicted,0,0,True,0.2939521667967618,Low Risk,2026-08-28_131115,2026-09-16T08:06:57.566406
3221,0.5097150135988255,1,Non-repayment predicted,1,1,True,0.2939521667967618,High Risk,2026-08-28_131115,2026-09-16T08:06:57.566406
5564,0.5569207879874214,1,Non-repayment predicted,1,1,True,0.2939521667967618,High Risk,2026-08-28_131115,2026-09-16T08:06:57.566406
2693,0.5212210844104177,1,Non-repayment predicted,1,1,True,0.2939521667967618,High Risk,2026-08-28_131115,2026-09-16T08:06:57.566406
3793,0.5314994384151229,1,Non-repayment predicted,1,1,True,0.2939521667967618,High Risk,2026-08-28_131115,2026-09-16T08:06:57.566406
4707,0.5017915382234333,1,Non-repayment predicted,1,1,True,0.2939521667967618,High Risk,2026-08-28_131115,2026-09-16T08:06:57.566406
7790,0.4613405656713669,1,Non-repayment predicted,1,0,False,0.2939521667967618,Medium Risk,2026-08-28_131115,2026-09-16T08:06:57.566406
7502,0.5728058384289645,1,Non-repayment predicted,1,1,True,0.2939521667967618,High Risk,2026-08-28_131115,2026-09-16T08:06:57.566406
2805,0.4768353010706555,1,Non-repayment predicted,1,1,True,0.2939521667967618,Medium Risk,2026-08-28_131115,2026-09-16T08:06:57.566406
7447,0.4451224070703415,1,Non-repayment predicted,1,0,False,0.2939521667967618,Medium Risk,2026-08-28_131115,2026-09-16T08:06:57.566406
6287,0.0644459613429393,0,Repayment predicted,0,0,True,0.2939521667967618,Low Risk,2026-08-28_131115,2026-09-16T08:06:57.566406
828,0.4195509712123193,1,Non-repayment predicted,1,1,True,0.2939521667967618,Medium Risk,2026-08-28_131115,2026-09-16T08:06:57.566406
47,0.3973138072773596,1,Non-repayment predicted,1,0,False,0.2939521667967618,Medium Risk,2026-08-28_131115,2026-09-16T08:06:57.566406
8458,0.4697118471925983,1,Non-repayment predicted,1,1,True,0.2939521667967618,Medium Risk,2026-08-28_131115,2026-09-16T08:06:57.566406
5005,0.074053684429921,0,Repayment predicted,0,0,True,0.2939521667967618,Low Risk,2026-08-28_131115,2026-09-16T08:06:57.566406
1119,0.4432731547426888,1,Non-repayment predicted,1,0,False,0.2939521667967618,Medium Risk,2026-08-28_131115,2026-09-16T08:06:57.566406
7538,0.5063456727856428,1,Non-repayment predicted,1,1,True,0.2939521667967618,High Risk,2026-08-28_131115,2026-09-16T08:06:57.566406
7073,0.6798150651211647,1,Non-repayment predicted,1,1,True,0.2939521667967618,High Risk,2026-08-28_131115,2026-09-16T08:06:57.566406
7395,0.569797650564499,1,Non-repayment predicted,1,1,True,0.2939521667967618,High Risk,2026-08-28_131115,2026-09-16T08:06:57.566406
6,0.0604735614728077,0,Repayment predicted,0,0,True,0.2939521667967618,Low Risk,2026-08-28_131115,2026-09-16T08:06:57.566406
8168,0.7370313343351427,1,Non-repayment predicted,1,1,True,0.2939521667967618,High Risk,2026-08-28_131115,2026-09-16T08:06:57.566406
2522,0.5757065905388749,1,Non-repayment predicted,1,0,False,0.2939521667967618,High Risk,2026-08-28_131115,2026-09-16T08:06:57.566406
3119,0.0427631061203237,0,Repayment predicted,0,0,True,0.2939521667967618,Low Risk,2026-08-28_131115,2026-09-16T08:06:57.566406
8378,0.5407736060868353,1,Non-repayment predicted,1,0,False,0.2939521667967618,High Risk,2026-08-28_131115,2026-09-16T08:06:57.566406
1341,0.4347040919877315,1,Non-repayment predicted,1,0,False,0.2939521667967618,Medium Risk,2026-08-28_131115,2026-09-16T08:06:57.566406
10131,0.3960390051784746,1,Non-repayment predicted,1,0,False,0.2939521667967618,Medium Risk,2026-08-28_131115,2026-09-16T08:06:57.566406
10213,0.4761461570798556,1,Non-repayment predicted,1,0,False,0.2939521667967618,Medium Risk,2026-08-28_131115,2026-09-16T08:06:57.566406
8433,0.5322469435023631,1,Non-repayment predicted,1,0,False,0.2939521667967618,High Risk,2026-08-28_131115,2026-09-16T08:06:57.566406
8190,0.5643252722310195,1,Non-repayment predicted,1,1,True,0.2939521667967618,High Risk,2026-08-28_131115,2026-09-16T08:06:57.566406
5961,0.4435614234870537,1,Non-repayment predicted,1,0,False,0.2939521667967618,Medium Risk,2026-08-28_131115,2026-09-16T08:06:57.566406
7578,0.0646484102471025,0,Repayment predicted,0,0,True,0.2939521667967618,Low Risk,2026-08-28_131115,2026-09-16T08:06:57.566406
3603,0.1878590061783311,0,Repayment predicted,0,0,True,0.2939521667967618,Low Risk,2026-08-28_131115,2026-09-16T08:06:57.566406
3917,0.1067049268040848,0,Repayment predicted,0,1,False,0.2939521667967618,Low Risk,2026-08-28_131115,2026-09-16T08:06:57.566406
4581,0.4877770507932389,1,Non-repayment predicted,1,0,False,0.2939521667967618,Medium Risk,2026-08-28_131115,2026-09-16T08:06:57.566406
9987,0.518621425935371,1,Non-repayment predicted,1,1,True,0.2939521667967618,High Risk,2026-08-28_131115,2026-09-16T08:06:57.566406
4535,0.4673802596476105,1,Non-repayment predicted,1,0,False,0.2939521667967618,Medium Risk,2026-08-28_131115,2026-09-16T08:06:57.566406
2789,0.4288971178737094,1,Non-repayment predicted,1,1,True,0.2939521667967618,Medium Risk,2026-08-28_131115,2026-09-16T08:06:57.566406
8849,0.0469621161200996,0,Repayment predicted,0,0,True,0.2939521667967618,Low Risk,2026-08-28_131115,2026-09-16T08:06:57.566406
6147,0.5335383636534277,1,Non-repayment predicted,1,0,False,0.2939521667967618,High Risk,2026-08-28_131115,2026-09-16T08:06:57.566406
2014,0.4008121055626313,1,Non-repayment predicted,1,0,False,0.2939521667967618,Medium Risk,2026-08-28_131115,2026-09-16T08:06:57.566406
1034,0.1211698912730384,0,Repayment predicted,0,1,False,0.2939521667967618,Low Risk,2026-08-28_131115,2026-09-16T08:06:57.566406
8623,0.4504202259219384,1,Non-repayment predicted,1,0,False,0.2939521667967618,Medium Risk,2026-08-28_131115,2026-09-16T08:06:57.566406
9564,0.0836366867215843,0,Repayment predicted,0,0,True,0.2939521667967618,Low Risk,2026-08-28_131115,2026-09-16T08:06:57.566406
1343,0.0919512758703394,0,Repayment predicted,0,0,True,0.2939521667967618,Low Risk,2026-08-28_131115,2026-09-16T08:06:57.566406
8236,0.5533827206018286,1,Non-repayment predicted,1,0,False,0.2939521667967618,High Risk,2026-08-28_131115,2026-09-16T08:06:57.566406
5878,0.5698399657521928,1,Non-repayment predicted,1,1,True,0.2939521667967618,High Risk,2026-08-28_131115,2026-09-16T08:06:57.566406
2288,0.437838279016191,1,Non-repayment predicted,1,1,True,0.2939521667967618,Medium Risk,2026-08-28_131115,2026-09-16T08:06:57.566406
3677,0.5231826323183143,1,Non-repayment predicted,1,0,False,0.2939521667967618,High Risk,2026-08-28_131115,2026-09-16T08:06:57.566406
284,0.047899633976228,0,Repayment predicted,0,0,True,0.2939521667967618,Low Risk,2026-08-28_131115,2026-09-16T08:06:57.566406
9759,0.4365434600984003,1,Non-repayment predicted,1,0,False,0.2939521667967618,Medium Risk,2026-08-28_131115,2026-09-16T08:06:57.566406
783,0.4573128035896913,1,Non-repayment predicted,1,1,True,0.2939521667967618,Medium Risk,2026-08-28_131115,2026-09-16T08:06:57.566406
8111,0.426281302312023,1,Non-repayment predicted,1,0,False,0.2939521667967618,Medium Risk,2026-08-28_131115,2026-09-16T08:06:57.566406
1080,0.5076913903909471,1,Non-repayment predicted,1,1,True,0.2939521667967618,High Risk,2026-08-28_131115,2026-09-16T08:06:57.566406
6531,0.4258053254861562,1,Non-repayment predicted,1,0,False,0.2939521667967618,Medium Risk,2026-08-28_131115,2026-09-16T08:06:57.566406
2658,0.1149604229876442,0,Repayment predicted,0,1,False,0.2939521667967618,Low Risk,2026-08-28_131115,2026-09-16T08:06:57.566406
2620,0.4165014744333481,1,Non-repayment predicted,1,1,True,0.2939521667967618,Medium Risk,2026-08-28_131115,2026-09-16T08:06:57.566406
4712,0.4642302143489453,1,Non-repayment predicted,1,0,False,0.2939521667967618,Medium Risk,2026-08-28_131115,2026-09-16T08:06:57.566406
2579,0.4328499871122169,1,Non-repayment predicted,1,0,False,0.2939521667967618,Medium Risk,2026-08-28_131115,2026-09-16T08:06:57.566406
3245,0.1113738477424783,0,Repayment predicted,0,0,True,0.2939521667967618,Low Risk,2026-08-28_131115,2026-09-16T08:06:57.566406
3465,0.492035501630872,1,Non-repayment predicted,1,1,True,0.2939521667967618,Medium Risk,2026-08-28_131115,2026-09-16T08:06:57.566406
4750,0.493884511499341,1,Non-repayment predicted,1,0,False,0.2939521667967618,Medium Risk,2026-08-28_131115,2026-09-16T08:06:57.566406
3552,0.3885745349352179,1,Non-repayment predicted,1,0,False,0.2939521667967618,Medium Risk,2026-08-28_131115,2026-09-16T08:06:57.566406
7585,0.4318618687454148,1,Non-repayment predicted,1,0,False,0.2939521667967618,Medium Risk,2026-08-28_131115,2026-09-16T08:06:57.566406
945,0.4166042037578309,1,Non-repayment predicted,1,0,False,0.2939521667967618,Medium Risk,2026-08-28_131115,2026-09-16T08:06:57.566406
2653,0.5186432200216239,1,Non-repayment predicted,1,1,True,0.2939521667967618,High Risk,2026-08-28_131115,2026-09-16T08:06:57.566406
5035,0.4636404496801486,1,Non-repayment predicted,1,0,False,0.2939521667967618,Medium Risk,2026-08-28_131115,2026-09-16T08:06:57.566406
5653,0.4558922502123832,1,Non-repayment predicted,1,0,False,0.2939521667967618,Medium Risk,2026-08-28_131115,2026-09-16T08:06:57.566406
8574,0.0734218964081723,0,Repayment predicted,0,0,True,0.2939521667967618,Low Risk,2026-08-28_131115,2026-09-16T08:06:57.566406
2609,0.4308673603499002,1,Non-repayment predicted,1,0,False,0.2939521667967618,Medium Risk,2026-08-28_131115,2026-09-16T08:06:57.566406
2584,0.403146562441852,1,Non-repayment predicted,1,1,True,0.2939521667967618,Medium Risk,2026-08-28_131115,2026-09-16T08:06:57.566406
8697,0.526509996060362,1,Non-repayment predicted,1,0,False,0.2939521667967618,High Risk,2026-08-28_131115,2026-09-16T08:06:57.566406
9173,0.5402816858203923,1,Non-repayment predicted,1,0,False,0.2939521667967618,High Risk,2026-08-28_131115,2026-09-16T08:06:57.566406
2930,0.4917446075566036,1,Non-repayment predicted,1,0,False,0.2939521667967618,Medium Risk,2026-08-28_131115,2026-09-16T08:06:57.566406
3140,0.4631177380676484,1,Non-repayment predicted,1,1,True,0.2939521667967618,Medium Risk,2026-08-28_131115,2026-09-16T08:06:57.566406
5353,0.5740947909707258,1,Non-repayment predicted,1,1,True,0.2939521667967618,High Risk,2026-08-28_131115,2026-09-16T08:06:57.566406
650,0.4843284377471133,1,Non-repayment predicted,1,1,True,0.2939521667967618,Medium Risk,2026-08-28_131115,2026-09-16T08:06:57.566406
8524,0.467770390279366,1,Non-repayment predicted,1,0,False,0.2939521667967618,Medium Risk,2026-08-28_131115,2026-09-16T08:06:57.566406
9870,0.4813829477374256,1,Non-repayment predicted,1,0,False,0.2939521667967618,Medium Risk,2026-08-28_131115,2026-09-16T08:06:57.566406
6653,0.5511814245425726,1,Non-repayment predicted,1,0,False,0.2939521667967618,High Risk,2026-08-28_131115,2026-09-16T08:06:57.566406
6712,0.6017090179232564,1,Non-repayment predicted,1,1,True,0.2939521667967618,High Risk,2026-08-28_131115,2026-09-16T08:06:57.566406
8607,0.0843482030376215,0,Repayment predicted,0,0,True,0.2939521667967618,Low Risk,2026-08-28_131115,2026-09-16T08:06:57.566406
9866,0.5002197302745248,1,Non-repayment predicted,1,0,False,0.2939521667967618,High Risk,2026-08-28_131115,2026-09-16T08:06:57.566406
2053,0.4945225272760061,1,Non-repayment predicted,1,1,True,0.2939521667967618,Medium Risk,2026-08-28_131115,2026-09-16T08:06:57.566406
523,0.5710542282723752,1,Non-repayment predicted,1,1,True,0.2939521667967618,High Risk,2026-08-28_131115,2026-09-16T08:06:57.566406
230,0.4400896956665866,1,Non-repayment predicted,1,1,True,0.2939521667967618,Medium Risk,2026-08-28_131115,2026-09-16T08:06:57.566406
4243,0.6559077751639372,1,Non-repayment predicted,1,0,False,0.2939521667967618,High Risk,2026-08-28_131115,2026-09-16T08:06:57.566406
469,0.435606509868304,1,Non-repayment predicted,1,0,False,0.2939521667967618,Medium Risk,2026-08-28_131115,2026-09-16T08:06:57.566406
7064,0.5150965338014861,1,Non-repayment predicted,1,1,True,0.2939521667967618,High Risk,2026-08-28_131115,2026-09-16T08:06:57.566406
9128,0.6112688622483716,1,Non-repayment predicted,1,0,False,0.2939521667967618,High Risk,2026-08-28_131115,2026-09-16T08:06:57.566406
3039,0.4659055552738629,1,Non-repayment predicted,1,1,True,0.2939521667967618,Medium Risk,2026-08-28_131115,2026-09-16T08:06:57.566406
8977,0.4723355881631316,1,Non-repayment predicted,1,0,False,0.2939521667967618,Medium Risk,2026-08-28_131115,2026-09-16T08:06:57.566406
1501,0.0891730366679924,0,Repayment predicted,0,0,True,0.2939521667967618,Low Risk,2026-08-28_131115,2026-09-16T08:06:57.566406
2163,0.0704898315763072,0,Repayment predicted,0,0,True,0.2939521667967618,Low Risk,2026-08-28_131115,2026-09-16T08:06:57.566406
4547,0.5466961805063109,1,Non-repayment predicted,1,1,True,0.2939521667967618,High Risk,2026-08-28_131115,2026-09-16T08:06:57.566406
3535,0.6036703385379525,1,Non-repayment predicted,1,1,True,0.2939521667967618,High Risk,2026-08-28_131115,2026-09-16T08:06:57.566406
1302,0.4185825566759881,1,Non-repayment predicted,1,0,False,0.2939521667967618,Medium Risk,2026-08-28_131115,2026-09-16T08:06:57.566406
3767,0.0545301764218662,0,Repayment predicted,0,0,True,0.2939521667967618,Low Risk,2026-08-28_131115,2026-09-16T08:06:57.566406
2468,0.4383210610995725,1,Non-repayment predicted,1,0,False,0.2939521667967618,Medium Risk,2026-08-28_131115,2026-09-16T08:06:57.566406
3166,0.573239021569163,1,Non-repayment predicted,1,0,False,0.2939521667967618,High Risk,2026-08-28_131115,2026-09-16T08:06:57.566406
4038,0.0481729852189586,0,Repayment predicted,0,0,True,0.2939521667967618,Low Risk,2026-08-28_131115,2026-09-16T08:06:57.566406
1549,0.3496406610136056,1,Non-repayment predicted,1,1,True,0.2939521667967618,Medium Risk,2026-08-28_131115,2026-09-16T08:06:57.566406
4860,0.4988385497897273,1,Non-repayment predicted,1,0,False,0.2939521667967618,Medium Risk,2026-08-28_131115,2026-09-16T08:06:57.566406
6150,0.058588112656575,0,Repayment predicted,0,0,True,0.2939521667967618,Low Risk,2026-08-28_131115,2026-09-16T08:06:57.566406
10296,0.0642510137562964,0,Repayment predicted,0,0,True,0.2939521667967618,Low Risk,2026-08-28_131115,2026-09-16T08:06:57.566406
4470,0.4741261179198702,1,Non-repayment predicted,1,0,False,0.2939521667967618,Medium Risk,2026-08-28_131115,2026-09-16T08:06:57.566406
7426,0.0510273324295039,0,Repayment predicted,0,0,True,0.2939521667967618,Low Risk,2026-08-28_131115,2026-09-16T08:06:57.566406
727,0.4408119334697709,1,Non-repayment predicted,1,0,False,0.2939521667967618,Medium Risk,2026-08-28_131115,2026-09-16T08:06:57.566406
8919,0.4739416879388232,1,Non-repayment predicted,1,0,False,0.2939521667967618,Medium Risk,2026-08-28_131115,2026-09-16T08:06:57.566406
6118,0.0721200177197161,0,Repayment predicted,0,0,True,0.2939521667967618,Low Risk,2026-08-28_131115,2026-09-16T08:06:57.566406
4477,0.067439508058756,0,Repayment predicted,0,0,True,0.2939521667967618,Low Risk,2026-08-28_131115,2026-09-16T08:06:57.566406
7811,0.4334979920005207,1,Non-repayment predicted,1,1,True,0.2939521667967618,Medium Risk,2026-08-28_131115,2026-09-16T08:06:57.566406
6098,0.3324828797060123,1,Non-repayment predicted,1,0,False,0.2939521667967618,Medium Risk,2026-08-28_131115,2026-09-16T08:06:57.566406
4782,0.0648599416166226,0,Repayment predicted,0,0,True,0.2939521667967618,Low Risk,2026-08-28_131115,2026-09-16T08:06:57.566406
9020,0.4840941662579053,1,Non-repayment predicted,1,0,False,0.2939521667967618,Medium Risk,2026-08-28_131115,2026-09-16T08:06:57.566406
4979,0.1014542781430297,0,Repayment predicted,0,0,True,0.2939521667967618,Low Risk,2026-08-28_131115,2026-09-16T08:06:57.566406
6983,0.4847004378902832,1,Non-repayment predicted,1,1,True,0.2939521667967618,Medium Risk,2026-08-28_131115,2026-09-16T08:06:57.566406
4098,0.0691915760688106,0,Repayment predicted,0,0,True,0.2939521667967618,Low Risk,2026-08-28_131115,2026-09-16T08:06:57.566406
10167,0.6080569230773203,1,Non-repayment predicted,1,1,True,0.2939521667967618,High Risk,2026-08-28_131115,2026-09-16T08:06:57.566406
344,0.4815700335823921,1,Non-repayment predicted,1,1,True,0.2939521667967618,Medium Risk,2026-08-28_131115,2026-09-16T08:06:57.566406
7342,0.5044350307508123,1,Non-repayment predicted,1,1,True,0.2939521667967618,High Risk,2026-08-28_131115,2026-09-16T08:06:57.566406
2645,0.5122490289133033,1,Non-repayment predicted,1,1,True,0.2939521667967618,High Risk,2026-08-28_131115,2026-09-16T08:06:57.566406
1557,0.4705612508156854,1,Non-repayment predicted,1,1,True,0.2939521667967618,Medium Risk,2026-08-28_131115,2026-09-16T08:06:57.566406
8881,0.4571298611967638,1,Non-repayment predicted,1,0,False,0.2939521667967618,Medium Risk,2026-08-28_131115,2026-09-16T08:06:57.566406
6397,0.4977663157874089,1,Non-repayment predicted,1,0,False,0.2939521667967618,Medium Risk,2026-08-28_131115,2026-09-16T08:06:57.566406
8650,0.4318296003224711,1,Non-repayment predicted,1,0,False,0.2939521667967618,Medium Risk,2026-08-28_131115,2026-09-16T08:06:57.566406
1349,0.5235525050484003,1,Non-repayment predicted,1,1,True,0.2939521667967618,High Risk,2026-08-28_131115,2026-09-16T08:06:57.566406
5861,0.5472448743257712,1,Non-repayment predicted,1,0,False,0.2939521667967618,High Risk,2026-08-28_131115,2026-09-16T08:06:57.566406
5248,0.5313794927460302,1,Non-repayment predicted,1,0,False,0.2939521667967618,High Risk,2026-08-28_131115,2026-09-16T08:06:57.566406
8652,0.6286539158909598,1,Non-repayment predicted,1,1,True,0.2939521667967618,High Risk,2026-08-28_131115,2026-09-16T08:06:57.566406
996,0.0702113356659308,0,Repayment predicted,0,0,True,0.2939521667967618,Low Risk,2026-08-28_131115,2026-09-16T08:06:57.566406
8099,0.476256033231773,1,Non-repayment predicted,1,0,False,0.2939521667967618,Medium Risk,2026-08-28_131115,2026-09-16T08:06:57.566406
9943,0.1551794003532839,0,Repayment predicted,0,0,True,0.2939521667967618,Low Risk,2026-08-28_131115,2026-09-16T08:06:57.566406
3663,0.4380244848642004,1,Non-repayment predicted,1,1,True,0.2939521667967618,Medium Risk,2026-08-28_131115,2026-09-16T08:06:57.566406
1359,0.3406893534141481,1,Non-repayment predicted,1,1,True,0.2939521667967618,Medium Risk,2026-08-28_131115,2026-09-16T08:06:57.566406
4042,0.0809123540343825,0,Repayment predicted,0,0,True,0.2939521667967618,Low Risk,2026-08-28_131115,2026-09-16T08:06:57.566406
8002,0.5340341543831995,1,Non-repayment predicted,1,0,False,0.2939521667967618,High Risk,2026-08-28_131115,2026-09-16T08:06:57.566406
8195,0.5556074522138764,1,Non-repayment predicted,1,1,True,0.2939521667967618,High Risk,2026-08-28_131115,2026-09-16T08:06:57.566406
3937,0.4197421514450526,1,Non-repayment predicted,1,1,True,0.2939521667967618,Medium Risk,2026-08-28_131115,2026-09-16T08:06:57.566406
9642,0.4177780031995403,1,Non-repayment predicted,1,0,False,0.2939521667967618,Medium Risk,2026-08-28_131115,2026-09-16T08:06:57.566406
5126,0.4908390437300266,1,Non-repayment predicted,1,0,False,0.2939521667967618,Medium Risk,2026-08-28_131115,2026-09-16T08:06:57.566406
8173,0.0627350329545182,0,Repayment predicted,0,0,True,0.2939521667967618,Low Risk,2026-08-28_131115,2026-09-16T08:06:57.566406
5059,0.4841268535214627,1,Non-repayment predicted,1,0,False,0.2939521667967618,Medium Risk,2026-08-28_131115,2026-09-16T08:06:57.566406
2936,0.5207355017263374,1,Non-repayment predicted,1,1,True,0.2939521667967618,High Risk,2026-08-28_131115,2026-09-16T08:06:57.566406
4331,0.0985277581983371,0,Repayment predicted,0,0,True,0.2939521667967618,Low Risk,2026-08-28_131115,2026-09-16T08:06:57.566406
2063,0.4790189276991767,1,Non-repayment predicted,1,0,False,0.2939521667967618,Medium Risk,2026-08-28_131115,2026-09-16T08:06:57.566406
1211,0.0836072184744605,0,Repayment predicted,0,1,False,0.2939521667967618,Low Risk,2026-08-28_131115,2026-09-16T08:06:57.566406
924,0.5418471903705734,1,Non-repayment predicted,1,0,False,0.2939521667967618,High Risk,2026-08-28_131115,2026-09-16T08:06:57.566406
2703,0.4356959108851777,1,Non-repayment predicted,1,1,True,0.2939521667967618,Medium Risk,2026-08-28_131115,2026-09-16T08:06:57.566406
4923,0.473257006160437,1,Non-repayment predicted,1,1,True,0.2939521667967618,Medium Risk,2026-08-28_131115,2026-09-16T08:06:57.566406
7633,0.3999660807989997,1,Non-repayment predicted,1,1,True,0.2939521667967618,Medium Risk,2026-08-28_131115,2026-09-16T08:06:57.566406
9057,0.4778895053232503,1,Non-repayment predicted,1,1,True,0.2939521667967618,Medium Risk,2026-08-28_131115,2026-09-16T08:06:57.566406
9307,0.4517274996134701,1,Non-repayment predicted,1,1,True,0.2939521667967618,Medium Risk,2026-08-28_131115,2026-09-16T08:06:57.566406
9058,0.067047115742011,0,Repayment predicted,0,1,False,0.2939521667967618,Low Risk,2026-08-28_131115,2026-09-16T08:06:57.566406
8324,0.5474445635286246,1,Non-repayment predicted,1,0,False,0.2939521667967618,High Risk,2026-08-28_131115,2026-09-16T08:06:57.566406
9299,0.4381006437104437,1,Non-repayment predicted,1,1,True,0.2939521667967618,Medium Risk,2026-08-28_131115,2026-09-16T08:06:57.566406
5811,0.0740366899249459,0,Repayment predicted,0,0,True,0.2939521667967618,Low Risk,2026-08-28_131115,2026-09-16T08:06:57.566406
4678,0.400085537186409,1,Non-repayment predicted,1,0,False,0.2939521667967618,Medium Risk,2026-08-28_131115,2026-09-16T08:06:57.566406
5635,0.4279425702298434,1,Non-repayment predicted,1,0,False,0.2939521667967618,Medium Risk,2026-08-28_131115,2026-09-16T08:06:57.566406
8660,0.4629898984872154,1,Non-repayment predicted,1,1,True,0.2939521667967618,Medium Risk,2026-08-28_131115,2026-09-16T08:06:57.566406
3014,0.0625058676941355,0,Repayment predicted,0,0,True,0.2939521667967618,Low Risk,2026-08-28_131115,2026-09-16T08:06:57.566406
8357,0.4325100350716982,1,Non-repayment predicted,1,1,True,0.2939521667967618,Medium Risk,2026-08-28_131115,2026-09-16T08:06:57.566406
8681,0.0615259302811862,0,Repayment predicted,0,0,True,0.2939521667967618,Low Risk,2026-08-28_131115,2026-09-16T08:06:57.566406
6993,0.0869008967878372,0,Repayment predicted,0,0,True,0.2939521667967618,Low Risk,2026-08-28_131115,2026-09-16T08:06:57.566406
2510,0.3946229669093771,1,Non-repayment predicted,1,1,True,0.2939521667967618,Medium Risk,2026-08-28_131115,2026-09-16T08:06:57.566406
9954,0.4725928038234179,1,Non-repayment predicted,1,1,True,0.2939521667967618,Medium Risk,2026-08-28_131115,2026-09-16T08:06:57.566406
2514,0.6209933005678903,1,Non-repayment predicted,1,1,True,0.2939521667967618,High Risk,2026-08-28_131115,2026-09-16T08:06:57.566406
714,0.4251477372449855,1,Non-repayment predicted,1,0,False,0.2939521667967618,Medium Risk,2026-08-28_131115,2026-09-16T08:06:57.566406
1542,0.4783391504066008,1,Non-repayment predicted,1,0,False,0.2939521667967618,Medium Risk,2026-08-28_131115,2026-09-16T08:06:57.566406
5736,0.4337733819662219,1,Non-repayment predicted,1,0,False,0.2939521667967618,Medium Risk,2026-08-28_131115,2026-09-16T08:06:57.566406
242,0.3915668819920915,1,Non-repayment predicted,1,0,False,0.2939521667967618,Medium Risk,2026-08-28_131115,2026-09-16T08:06:57.566406
6562,0.4680431453638004,1,Non-repayment predicted,1,1,True,0.2939521667967618,Medium Risk,2026-08-28_131115,2026-09-16T08:06:57.566406
869,0.4120244251613589,1,Non-repayment predicted,1,0,False,0.2939521667967618,Medium Risk,2026-08-28_131115,2026-09-16T08:06:57.566406
2760,0.0863285782146316,0,Repayment predicted,0,0,True,0.2939521667967618,Low Risk,2026-08-28_131115,2026-09-16T08:06:57.566406
7329,0.6050282754191777,1,Non-repayment predicted,1,1,True,0.2939521667967618,High Risk,2026-08-28_131115,2026-09-16T08:06:57.566406
1091,0.4170436996483891,1,Non-repayment predicted,1,0,False,0.2939521667967618,Medium Risk,2026-08-28_131115,2026-09-16T08:06:57.566406
4762,0.1162849748336101,0,Repayment predicted,0,0,True,0.2939521667967618,Low Risk,2026-08-28_131115,2026-09-16T08:06:57.566406
10299,0.4348295130075951,1,Non-repayment predicted,1,1,True,0.2939521667967618,Medium Risk,2026-08-28_131115,2026-09-16T08:06:57.566406
10082,0.4766900280183368,1,Non-repayment predicted,1,0,False,0.2939521667967618,Medium Risk,2026-08-28_131115,2026-09-16T08:06:57.566406
5172,0.6236375331025703,1,Non-repayment predicted,1,1,True,0.2939521667967618,High Risk,2026-08-28_131115,2026-09-16T08:06:57.566406
8197,0.5400707531824813,1,Non-repayment predicted,1,1,True,0.2939521667967618,High Risk,2026-08-28_131115,2026-09-16T08:06:57.566406
7025,0.425558142301578,1,Non-repayment predicted,1,1,True,0.2939521667967618,Medium Risk,2026-08-28_131115,2026-09-16T08:06:57.566406
7053,0.4637103441563406,1,Non-repayment predicted,1,1,True,0.2939521667967618,Medium Risk,2026-08-28_131115,2026-09-16T08:06:57.566406
7408,0.6545181543930616,1,Non-repayment predicted,1,1,True,0.2939521667967618,High Risk,2026-08-28_131115,2026-09-16T08:06:57.566406
9946,0.5772132659162063,1,Non-repayment predicted,1,0,False,0.2939521667967618,High Risk,2026-08-28_131115,2026-09-16T08:06:57.566406
6295,0.0914653878246977,0,Repayment predicted,0,0,True,0.2939521667967618,Low Risk,2026-08-28_131115,2026-09-16T08:06:57.566406
5901,0.6334407781325165,1,Non-repayment predicted,1,1,True,0.2939521667967618,High Risk,2026-08-28_131115,2026-09-16T08:06:57.566406
602,0.4596016936889476,1,Non-repayment predicted,1,0,False,0.2939521667967618,Medium Risk,2026-08-28_131115,2026-09-16T08:06:57.566406
525,0.5533213976271915,1,Non-repayment predicted,1,0,False,0.2939521667967618,High Risk,2026-08-28_131115,2026-09-16T08:06:57.566406
6621,0.5528158736648161,1,Non-repayment predicted,1,1,True,0.2939521667967618,High Risk,2026-08-28_131115,2026-09-16T08:06:57.566406
5722,0.0571835203783868,0,Repayment predicted,0,0,True,0.2939521667967618,Low Risk,2026-08-28_131115,2026-09-16T08:06:57.566406
9384,0.5505654283583375,1,Non-repayment predicted,1,1,True,0.2939521667967618,High Risk,2026-08-28_131115,2026-09-16T08:06:57.566406
1868,0.5025465677221381,1,Non-repayment predicted,1,0,False,0.2939521667967618,High Risk,2026-08-28_131115,2026-09-16T08:06:57.566406
2663,0.42824065805551,1,Non-repayment predicted,1,1,True,0.2939521667967618,Medium Risk,2026-08-28_131115,2026-09-16T08:06:57.566406
4158,0.0436618380812248,0,Repayment predicted,0,0,True,0.2939521667967618,Low Risk,2026-08-28_131115,2026-09-16T08:06:57.566406
9979,0.0817939021099209,0,Repayment predicted,0,0,True,0.2939521667967618,Low Risk,2026-08-28_131115,2026-09-16T08:06:57.566406
3831,0.5375072461146948,1,Non-repayment predicted,1,1,True,0.2939521667967618,High Risk,2026-08-28_131115,2026-09-16T08:06:57.566406
5843,0.2373937240956118,0,Repayment predicted,0,1,False,0.2939521667967618,Low Risk,2026-08-28_131115,2026-09-16T08:06:57.566406
10211,0.5278900994590415,1,Non-repayment predicted,1,0,False,0.2939521667967618,High Risk,2026-08-28_131115,2026-09-16T08:06:57.566406
9956,0.5252237234989642,1,Non-repayment predicted,1,1,True,0.2939521667967618,High Risk,2026-08-28_131115,2026-09-16T08:06:57.566406
3989,0.600465710461152,1,Non-repayment predicted,1,0,False,0.2939521667967618,High Risk,2026-08-28_131115,2026-09-16T08:06:57.566406
4360,0.4601037829072869,1,Non-repayment predicted,1,0,False,0.2939521667967618,Medium Risk,2026-08-28_131115,2026-09-16T08:06:57.566406
1827,0.4908194517754272,1,Non-repayment predicted,1,0,False,0.2939521667967618,Medium Risk,2026-08-28_131115,2026-09-16T08:06:57.566406
3278,0.4595351314555578,1,Non-repayment predicted,1,0,False,0.2939521667967618,Medium Risk,2026-08-28_131115,2026-09-16T08:06:57.566406
4388,0.4237799249734571,1,Non-repayment predicted,1,0,False,0.2939521667967618,Medium Risk,2026-08-28_131115,2026-09-16T08:06:57.566406
8299,0.3679684171549325,1,Non-repayment predicted,1,0,False,0.2939521667967618,Medium Risk,2026-08-28_131115,2026-09-16T08:06:57.566406
2589,0.0329998027324114,0,Repayment predicted,0,0,True,0.2939521667967618,Low Risk,2026-08-28_131115,2026-09-16T08:06:57.566406
2442,0.5585122834095553,1,Non-repayment predicted,1,1,True,0.2939521667967618,High Risk,2026-08-28_131115,2026-09-16T08:06:57.566406
5424,0.5717345850639691,1,Non-repayment predicted,1,0,False,0.2939521667967618,High Risk,2026-08-28_131115,2026-09-16T08:06:57.566406
6426,0.4186814324412394,1,Non-repayment predicted,1,1,True,0.2939521667967618,Medium Risk,2026-08-28_131115,2026-09-16T08:06:57.566406
8098,0.5693663585421873,1,Non-repayment predicted,1,1,True,0.2939521667967618,High Risk,2026-08-28_131115,2026-09-16T08:06:57.566406
790,0.066455752207878,0,Repayment predicted,0,0,True,0.2939521667967618,Low Risk,2026-08-28_131115,2026-09-16T08:06:57.566406
1800,0.4571541400535328,1,Non-repayment predicted,1,0,False,0.2939521667967618,Medium Risk,2026-08-28_131115,2026-09-16T08:06:57.566406
4829,0.1064432474148886,0,Repayment predicted,0,1,False,0.2939521667967618,Low Risk,2026-08-28_131115,2026-09-16T08:06:57.566406
8667,0.0385715507721556,0,Repayment predicted,0,0,True,0.2939521667967618,Low Risk,2026-08-28_131115,2026-09-16T08:06:57.566406
5389,0.4839462740783831,1,Non-repayment predicted,1,0,False,0.2939521667967618,Medium Risk,2026-08-28_131115,2026-09-16T08:06:57.566406
4843,0.5089497428639868,1,Non-repayment predicted,1,0,False,0.2939521667967618,High Risk,2026-08-28_131115,2026-09-16T08:06:57.566406
2988,0.496154512746523,1,Non-repayment predicted,1,1,True,0.2939521667967618,Medium Risk,2026-08-28_131115,2026-09-16T08:06:57.566406
5157,0.5762048982002764,1,Non-repayment predicted,1,0,False,0.2939521667967618,High Risk,2026-08-28_131115,2026-09-16T08:06:57.566406
479,0.5447898605998399,1,Non-repayment predicted,1,1,True,0.2939521667967618,High Risk,2026-08-28_131115,2026-09-16T08:06:57.566406
7734,0.4529186369153982,1,Non-repayment predicted,1,0,False,0.2939521667967618,Medium Risk,2026-08-28_131115,2026-09-16T08:06:57.566406
5914,0.4598007681299276,1,Non-repayment predicted,1,1,True,0.2939521667967618,Medium Risk,2026-08-28_131115,2026-09-16T08:06:57.566406
4792,0.5837846420800161,1,Non-repayment predicted,1,0,False,0.2939521667967618,High Risk,2026-08-28_131115,2026-09-16T08:06:57.566406
2857,0.3921502561065828,1,Non-repayment predicted,1,0,False,0.2939521667967618,Medium Risk,2026-08-28_131115,2026-09-16T08:06:57.566406
2870,0.3768002569242452,1,Non-repayment predicted,1,0,False,0.2939521667967618,Medium Risk,2026-08-28_131115,2026-09-16T08:06:57.566406
9620,0.4730768293219256,1,Non-repayment predicted,1,0,False,0.2939521667967618,Medium Risk,2026-08-28_131115,2026-09-16T08:06:57.566406
9214,0.4518157002452612,1,Non-repayment predicted,1,1,True,0.2939521667967618,Medium Risk,2026-08-28_131115,2026-09-16T08:06:57.566406
6003,0.4528909964203123,1,Non-repayment predicted,1,0,False,0.2939521667967618,Medium Risk,2026-08-28_131115,2026-09-16T08:06:57.566406
758,0.4849004459142418,1,Non-repayment predicted,1,0,False,0.2939521667967618,Medium Risk,2026-08-28_131115,2026-09-16T08:06:57.566406
7961,0.0753790422216978,0,Repayment predicted,0,0,True,0.2939521667967618,Low Risk,2026-08-28_131115,2026-09-16T08:06:57.566406
1694,0.523239516427265,1,Non-repayment predicted,1,0,False,0.2939521667967618,High Risk,2026-08-28_131115,2026-09-16T08:06:57.566406
8610,0.0712741351879462,0,Repayment predicted,0,0,True,0.2939521667967618,Low Risk,2026-08-28_131115,2026-09-16T08:06:57.566406
2501,0.4013217162082214,1,Non-repayment predicted,1,0,False,0.2939521667967618,Medium Risk,2026-08-28_131115,2026-09-16T08:06:57.566406
8824,0.3897275792524231,1,Non-repayment predicted,1,0,False,0.2939521667967618,Medium Risk,2026-08-28_131115,2026-09-16T08:06:57.566406
4528,0.077167326561968,0,Repayment predicted,0,0,True,0.2939521667967618,Low Risk,2026-08-28_131115,2026-09-16T08:06:57.566406
3825,0.4360707634520577,1,Non-repayment predicted,1,0,False,0.2939521667967618,Medium Risk,2026-08-28_131115,2026-09-16T08:06:57.566406
3361,0.4746111729765131,1,Non-repayment predicted,1,1,True,0.2939521667967618,Medium Risk,2026-08-28_131115,2026-09-16T08:06:57.566406
4462,0.4907924799505631,1,Non-repayment predicted,1,0,False,0.2939521667967618,Medium Risk,2026-08-28_131115,2026-09-16T08:06:57.566406
9537,0.5278946382728041,1,Non-repayment predicted,1,1,True,0.2939521667967618,High Risk,2026-08-28_131115,2026-09-16T08:06:57.566406
4261,0.0552236291131697,0,Repayment predicted,0,0,True,0.2939521667967618,Low Risk,2026-08-28_131115,2026-09-16T08:06:57.566406
6564,0.7049806828250142,1,Non-repayment predicted,1,1,True,0.2939521667967618,High Risk,2026-08-28_131115,2026-09-16T08:06:57.566406
8347,0.585488246955623,1,Non-repayment predicted,1,1,True,0.2939521667967618,High Risk,2026-08-28_131115,2026-09-16T08:06:57.566406
3335,0.5928878732031287,1,Non-repayment predicted,1,0,False,0.2939521667967618,High Risk,2026-08-28_131115,2026-09-16T08:06:57.566406
4086,0.5423395876603037,1,Non-repayment predicted,1,1,True,0.2939521667967618,High Risk,2026-08-28_131115,2026-09-16T08:06:57.566406
1090,0.6062273649526229,1,Non-repayment predicted,1,1,True,0.2939521667967618,High Risk,2026-08-28_131115,2026-09-16T08:06:57.566406
3770,0.4791032196718554,1,Non-repayment predicted,1,0,False,0.2939521667967618,Medium Risk,2026-08-28_131115,2026-09-16T08:06:57.566406
1248,0.4835691119502458,1,Non-repayment predicted,1,1,True,0.2939521667967618,Medium Risk,2026-08-28_131115,2026-09-16T08:06:57.566406
1534,0.5928644477363259,1,Non-repayment predicted,1,0,False,0.2939521667967618,High Risk,2026-08-28_131115,2026-09-16T08:06:57.566406
1203,0.4280348910099572,1,Non-repayment predicted,1,1,True,0.2939521667967618,Medium Risk,2026-08-28_131115,2026-09-16T08:06:57.566406
9475,0.5795711525735807,1,Non-repayment predicted,1,1,True,0.2939521667967618,High Risk,2026-08-28_131115,2026-09-16T08:06:57.566406
2664,0.5133701236928938,1,Non-repayment predicted,1,0,False,0.2939521667967618,High Risk,2026-08-28_131115,2026-09-16T08:06:57.566406
1925,0.096593536925313,0,Repayment predicted,0,0,True,0.2939521667967618,Low Risk,2026-08-28_131115,2026-09-16T08:06:57.566406
7827,0.1510405551178898,0,Repayment predicted,0,0,True,0.2939521667967618,Low Risk,2026-08-28_131115,2026-09-16T08:06:57.566406
10229,0.4755150028139721,1,Non-repayment predicted,1,0,False,0.2939521667967618,Medium Risk,2026-08-28_131115,2026-09-16T08:06:57.566406
8043,0.5044592697217583,1,Non-repayment predicted,1,0,False,0.2939521667967618,High Risk,2026-08-28_131115,2026-09-16T08:06:57.566406
2871,0.4481285264570994,1,Non-repayment predicted,1,1,True,0.2939521667967618,Medium Risk,2026-08-28_131115,2026-09-16T08:06:57.566406
4519,0.5202498307440205,1,Non-repayment predicted,1,0,False,0.2939521667967618,High Risk,2026-08-28_131115,2026-09-16T08:06:57.566406
7747,0.0518286781558809,0,Repayment predicted,0,0,True,0.2939521667967618,Low Risk,2026-08-28_131115,2026-09-16T08:06:57.566406
3274,0.0626274541311821,0,Repayment predicted,0,0,True,0.2939521667967618,Low Risk,2026-08-28_131115,2026-09-16T08:06:57.566406
306,0.1098244692033811,0,Repayment predicted,0,0,True,0.2939521667967618,Low Risk,2026-08-28_131115,2026-09-16T08:06:57.566406
5392,0.5245353918172471,1,Non-repayment predicted,1,0,False,0.2939521667967618,High Risk,2026-08-28_131115,2026-09-16T08:06:57.566406
1960,0.3558570058084325,1,Non-repayment predicted,1,0,False,0.2939521667967618,Medium Risk,2026-08-28_131115,2026-09-16T08:06:57.566406
9364,0.3970470276625086,1,Non-repayment predicted,1,0,False,0.2939521667967618,Medium Risk,2026-08-28_131115,2026-09-16T08:06:57.566406
5162,0.1132015153571653,0,Repayment predicted,0,0,True,0.2939521667967618,Low Risk,2026-08-28_131115,2026-09-16T08:06:57.566406
8282,0.4935614727834838,1,Non-repayment predicted,1,1,True,0.2939521667967618,Medium Risk,2026-08-28_131115,2026-09-16T08:06:57.566406
9807,0.5099238248211757,1,Non-repayment predicted,1,0,False,0.2939521667967618,High Risk,2026-08-28_131115,2026-09-16T08:06:57.566406
169,0.0636801045028259,0,Repayment predicted,0,0,True,0.2939521667967618,Low Risk,2026-08-28_131115,2026-09-16T08:06:57.566406
4940,0.4979932400272175,1,Non-repayment predicted,1,1,True,0.2939521667967618,Medium Risk,2026-08-28_131115,2026-09-16T08:06:57.566406
5553,0.4728965223347482,1,Non-repayment predicted,1,0,False,0.2939521667967618,Medium Risk,2026-08-28_131115,2026-09-16T08:06:57.566406
5072,0.6013467910689666,1,Non-repayment predicted,1,1,True,0.2939521667967618,High Risk,2026-08-28_131115,2026-09-16T08:06:57.566406
873,0.4814510699766135,1,Non-repayment predicted,1,0,False,0.2939521667967618,Medium Risk,2026-08-28_131115,2026-09-16T08:06:57.566406
3637,0.5883490121947057,1,Non-repayment predicted,1,1,True,0.2939521667967618,High Risk,2026-08-28_131115,2026-09-16T08:06:57.566406
4833,0.5462806230568232,1,Non-repayment predicted,1,1,True,0.2939521667967618,High Risk,2026-08-28_131115,2026-09-16T08:06:57.566406
9921,0.4253202426347413,1,Non-repayment predicted,1,1,True,0.2939521667967618,Medium Risk,2026-08-28_131115,2026-09-16T08:06:57.566406
7699,0.0719749365042109,0,Repayment predicted,0,0,True,0.2939521667967618,Low Risk,2026-08-28_131115,2026-09-16T08:06:57.566406
2676,0.0545315362843171,0,Repayment predicted,0,0,True,0.2939521667967618,Low Risk,2026-08-28_131115,2026-09-16T08:06:57.566406
6130,0.5955082156832548,1,Non-repayment predicted,1,1,True,0.2939521667967618,High Risk,2026-08-28_131115,2026-09-16T08:06:57.566406
4679,0.4740997691217784,1,Non-repayment predicted,1,1,True,0.2939521667967618,Medium Risk,2026-08-28_131115,2026-09-16T08:06:57.566406
2935,0.4201585167405451,1,Non-repayment predicted,1,0,False,0.2939521667967618,Medium Risk,2026-08-28_131115,2026-09-16T08:06:57.566406
3302,0.4500994954985041,1,Non-repayment predicted,1,0,False,0.2939521667967618,Medium Risk,2026-08-28_131115,2026-09-16T08:06:57.566406
5860,0.4773209760290662,1,Non-repayment predicted,1,0,False,0.2939521667967618,Medium Risk,2026-08-28_131115,2026-09-16T08:06:57.566406
6303,0.0582846108448897,0,Repayment predicted,0,0,True,0.2939521667967618,Low Risk,2026-08-28_131115,2026-09-16T08:06:57.566406
2351,0.4739606573743081,1,Non-repayment predicted,1,0,False,0.2939521667967618,Medium Risk,2026-08-28_131115,2026-09-16T08:06:57.566406
7913,0.4026050721908983,1,Non-repayment predicted,1,0,False,0.2939521667967618,Medium Risk,2026-08-28_131115,2026-09-16T08:06:57.566406
2910,0.5370672006525472,1,Non-repayment predicted,1,1,True,0.2939521667967618,High Risk,2026-08-28_131115,2026-09-16T08:06:57.566406
5835,0.7327242350191682,1,Non-repayment predicted,1,1,True,0.2939521667967618,High Risk,2026-08-28_131115,2026-09-16T08:06:57.566406
1528,0.0737133450457247,0,Repayment predicted,0,0,True,0.2939521667967618,Low Risk,2026-08-28_131115,2026-09-16T08:06:57.566406
6006,0.5018505642374094,1,Non-repayment predicted,1,0,False,0.2939521667967618,High Risk,2026-08-28_131115,2026-09-16T08:06:57.566406
9026,0.0672694576072474,0,Repayment predicted,0,0,True,0.2939521667967618,Low Risk,2026-08-28_131115,2026-09-16T08:06:57.566406
9034,0.0787018986801364,0,Repayment predicted,0,0,True,0.2939521667967618,Low Risk,2026-08-28_131115,2026-09-16T08:06:57.566406
6876,0.4707611887676914,1,Non-repayment predicted,1,1,True,0.2939521667967618,Medium Risk,2026-08-28_131115,2026-09-16T08:06:57.566406
771,0.2051121498880232,0,Repayment predicted,0,0,True,0.2939521667967618,Low Risk,2026-08-28_131115,2026-09-16T08:06:57.566406
2401,0.4418852786404972,1,Non-repayment predicted,1,0,False,0.2939521667967618,Medium Risk,2026-08-28_131115,2026-09-16T08:06:57.566406
3440,0.476951253876604,1,Non-repayment predicted,1,0,False,0.2939521667967618,Medium Risk,2026-08-28_131115,2026-09-16T08:06:57.566406
2916,0.5609878942937371,1,Non-repayment predicted,1,1,True,0.2939521667967618,High Risk,2026-08-28_131115,2026-09-16T08:06:57.566406
5155,0.5315214020958,1,Non-repayment predicted,1,1,True,0.2939521667967618,High Risk,2026-08-28_131115,2026-09-16T08:06:57.566406
9476,0.0859201906764519,0,Repayment predicted,0,0,True,0.2939521667967618,Low Risk,2026-08-28_131115,2026-09-16T08:06:57.566406
6846,0.5055264640465014,1,Non-repayment predicted,1,1,True,0.2939521667967618,High Risk,2026-08-28_131115,2026-09-16T08:06:57.566406
6134,0.7723228794826066,1,Non-repayment predicted,1,1,True,0.2939521667967618,Very High Risk,2026-08-28_131115,2026-09-16T08:06:57.566406
8,0.4252642894965822,1,Non-repayment predicted,1,1,True,0.2939521667967618,Medium Risk,2026-08-28_131115,2026-09-16T08:06:57.566406
6750,0.4574738754194673,1,Non-repayment predicted,1,0,False,0.2939521667967618,Medium Risk,2026-08-28_131115,2026-09-16T08:06:57.566406
4445,0.5504356673730928,1,Non-repayment predicted,1,0,False,0.2939521667967618,High Risk,2026-08-28_131115,2026-09-16T08:06:57.566406
530,0.0952239909627987,0,Repayment predicted,0,0,True,0.2939521667967618,Low Risk,2026-08-28_131115,2026-09-16T08:06:57.566406
3285,0.508321026864819,1,Non-repayment predicted,1,1,True,0.2939521667967618,High Risk,2026-08-28_131115,2026-09-16T08:06:57.566406
3451,0.0948261525627617,0,Repayment predicted,0,1,False,0.2939521667967618,Low Risk,2026-08-28_131115,2026-09-16T08:06:57.566406
1054,0.5721042338753962,1,Non-repayment predicted,1,0,False,0.2939521667967618,High Risk,2026-08-28_131115,2026-09-16T08:06:57.566406
1973,0.4130092107335216,1,Non-repayment predicted,1,1,True,0.2939521667967618,Medium Risk,2026-08-28_131115,2026-09-16T08:06:57.566406
9423,0.5268984333889527,1,Non-repayment predicted,1,1,True,0.2939521667967618,High Risk,2026-08-28_131115,2026-09-16T08:06:57.566406
4024,0.4500616483724446,1,Non-repayment predicted,1,1,True,0.2939521667967618,Medium Risk,2026-08-28_131115,2026-09-16T08:06:57.566406
1651,0.4654991505854036,1,Non-repayment predicted,1,1,True,0.2939521667967618,Medium Risk,2026-08-28_131115,2026-09-16T08:06:57.566406
8035,0.0625519204309517,0,Repayment predicted,0,0,True,0.2939521667967618,Low Risk,2026-08-28_131115,2026-09-16T08:06:57.566406
4515,0.3362474726601674,1,Non-repayment predicted,1,0,False,0.2939521667967618,Medium Risk,2026-08-28_131115,2026-09-16T08:06:57.566406
6870,0.4279130849856795,1,Non-repayment predicted,1,0,False,0.2939521667967618,Medium Risk,2026-08-28_131115,2026-09-16T08:06:57.566406
8242,0.5347798360230194,1,Non-repayment predicted,1,1,True,0.2939521667967618,High Risk,2026-08-28_131115,2026-09-16T08:06:57.566406
2235,0.4638478112017358,1,Non-repayment predicted,1,1,True,0.2939521667967618,Medium Risk,2026-08-28_131115,2026-09-16T08:06:57.566406
5124,0.5087773927754654,1,Non-repayment predicted,1,1,True,0.2939521667967618,High Risk,2026-08-28_131115,2026-09-16T08:06:57.566406
3494,0.4680912704389196,1,Non-repayment predicted,1,1,True,0.2939521667967618,Medium Risk,2026-08-28_131115,2026-09-16T08:06:57.566406
5638,0.0627424506362995,0,Repayment predicted,0,0,True,0.2939521667967618,Low Risk,2026-08-28_131115,2026-09-16T08:06:57.566406
5027,0.4415282180926285,1,Non-repayment predicted,1,0,False,0.2939521667967618,Medium Risk,2026-08-28_131115,2026-09-16T08:06:57.566406
9441,0.4544340449220736,1,Non-repayment predicted,1,0,False,0.2939521667967618,Medium Risk,2026-08-28_131115,2026-09-16T08:06:57.566406
9224,0.5263399201390179,1,Non-repayment predicted,1,1,True,0.2939521667967618,High Risk,2026-08-28_131115,2026-09-16T08:06:57.566406
8563,0.0511940956665792,0,Repayment predicted,0,0,True,0.2939521667967618,Low Risk,2026-08-28_131115,2026-09-16T08:06:57.566406
1406,0.5542877714947534,1,Non-repayment predicted,1,0,False,0.2939521667967618,High Risk,2026-08-28_131115,2026-09-16T08:06:57.566406
872,0.4232397093756883,1,Non-repayment predicted,1,0,False,0.2939521667967618,Medium Risk,2026-08-28_131115,2026-09-16T08:06:57.566406
7489,0.4804507193956405,1,Non-repayment predicted,1,0,False,0.2939521667967618,Medium Risk,2026-08-28_131115,2026-09-16T08:06:57.566406
7787,0.0788237937696653,0,Repayment predicted,0,0,True,0.2939521667967618,Low Risk,2026-08-28_131115,2026-09-16T08:06:57.566406
4832,0.4579832565717345,1,Non-repayment predicted,1,1,True,0.2939521667967618,Medium Risk,2026-08-28_131115,2026-09-16T08:06:57.566406
6431,0.0936718857453714,0,Repayment predicted,0,1,False,0.2939521667967618,Low Risk,2026-08-28_131115,2026-09-16T08:06:57.566406
6217,0.4810704976461353,1,Non-repayment predicted,1,0,False,0.2939521667967618,Medium Risk,2026-08-28_131115,2026-09-16T08:06:57.566406
6521,0.577638687043121,1,Non-repayment predicted,1,0,False,0.2939521667967618,High Risk,2026-08-28_131115,2026-09-16T08:06:57.566406
4403,0.4452783535001973,1,Non-repayment predicted,1,0,False,0.2939521667967618,Medium Risk,2026-08-28_131115,2026-09-16T08:06:57.566406
6107,0.4438804992806092,1,Non-repayment predicted,1,1,True,0.2939521667967618,Medium Risk,2026-08-28_131115,2026-09-16T08:06:57.566406
3588,0.4714650049898233,1,Non-repayment predicted,1,1,True,0.2939521667967618,Medium Risk,2026-08-28_131115,2026-09-16T08:06:57.566406
5373,0.4444896724448214,1,Non-repayment predicted,1,0,False,0.2939521667967618,Medium Risk,2026-08-28_131115,2026-09-16T08:06:57.566406
528,0.4842225665356591,1,Non-repayment predicted,1,1,True,0.2939521667967618,Medium Risk,2026-08-28_131115,2026-09-16T08:06:57.566406
4929,0.6223968904875599,1,Non-repayment predicted,1,1,True,0.2939521667967618,High Risk,2026-08-28_131115,2026-09-16T08:06:57.566406
5156,0.4359664723806639,1,Non-repayment predicted,1,0,False,0.2939521667967618,Medium Risk,2026-08-28_131115,2026-09-16T08:06:57.566406
4989,0.5061716074009113,1,Non-repayment predicted,1,0,False,0.2939521667967618,High Risk,2026-08-28_131115,2026-09-16T08:06:57.566406
367,0.4492330810155272,1,Non-repayment predicted,1,1,True,0.2939521667967618,Medium Risk,2026-08-28_131115,2026-09-16T08:06:57.566406
5629,0.489547239285988,1,Non-repayment predicted,1,0,False,0.2939521667967618,Medium Risk,2026-08-28_131115,2026-09-16T08:06:57.566406
2893,0.4917236759398196,1,Non-repayment predicted,1,1,True,0.2939521667967618,Medium Risk,2026-08-28_131115,2026-09-16T08:06:57.566406
9777,0.4971391719396896,1,Non-repayment predicted,1,1,True,0.2939521667967618,Medium Risk,2026-08-28_131115,2026-09-16T08:06:57.566406
9099,0.490933374129156,1,Non-repayment predicted,1,0,False,0.2939521667967618,Medium Risk,2026-08-28_131115,2026-09-16T08:06:57.566406
3849,0.4774017840821246,1,Non-repayment predicted,1,1,True,0.2939521667967618,Medium Risk,2026-08-28_131115,2026-09-16T08:06:57.566406
1137,0.5305933692794849,1,Non-repayment predicted,1,0,False,0.2939521667967618,High Risk,2026-08-28_131115,2026-09-16T08:06:57.566406
406,0.4285030814756147,1,Non-repayment predicted,1,1,True,0.2939521667967618,Medium Risk,2026-08-28_131115,2026-09-16T08:06:57.566406
2895,0.5296577557093604,1,Non-repayment predicted,1,0,False,0.2939521667967618,High Risk,2026-08-28_131115,2026-09-16T08:06:57.566406
5796,0.5042750488143822,1,Non-repayment predicted,1,0,False,0.2939521667967618,High Risk,2026-08-28_131115,2026-09-16T08:06:57.566406
9366,0.504191686011381,1,Non-repayment predicted,1,0,False,0.2939521667967618,High Risk,2026-08-28_131115,2026-09-16T08:06:57.566406
8335,0.0559833496522523,0,Repayment predicted,0,1,False,0.2939521667967618,Low Risk,2026-08-28_131115,2026-09-16T08:06:57.566406
814,0.4586692732103269,1,Non-repayment predicted,1,0,False,0.2939521667967618,Medium Risk,2026-08-28_131115,2026-09-16T08:06:57.566406
3969,0.3556099728498318,1,Non-repayment predicted,1,1,True,0.2939521667967618,Medium Risk,2026-08-28_131115,2026-09-16T08:06:57.566406
4837,0.0825906491978436,0,Repayment predicted,0,1,False,0.2939521667967618,Low Risk,2026-08-28_131115,2026-09-16T08:06:57.566406
9554,0.0774595035786701,0,Repayment predicted,0,0,True,0.2939521667967618,Low Risk,2026-08-28_131115,2026-09-16T08:06:57.566406
9215,0.5087133951807569,1,Non-repayment predicted,1,0,False,0.2939521667967618,High Risk,2026-08-28_131115,2026-09-16T08:06:57.566406
2298,0.5776655321067695,1,Non-repayment predicted,1,1,True,0.2939521667967618,High Risk,2026-08-28_131115,2026-09-16T08:06:57.566406
4022,0.1143539902412931,0,Repayment predicted,0,0,True,0.2939521667967618,Low Risk,2026-08-28_131115,2026-09-16T08:06:57.566406
751,0.5517043221273037,1,Non-repayment predicted,1,1,True,0.2939521667967618,High Risk,2026-08-28_131115,2026-09-16T08:06:57.566406
7325,0.5021956084682511,1,Non-repayment predicted,1,0,False,0.2939521667967618,High Risk,2026-08-28_131115,2026-09-16T08:06:57.566406
8263,0.5734138014338697,1,Non-repayment predicted,1,0,False,0.2939521667967618,High Risk,2026-08-28_131115,2026-09-16T08:06:57.566406
8955,0.0933941923133253,0,Repayment predicted,0,0,True,0.2939521667967618,Low Risk,2026-08-28_131115,2026-09-16T08:06:57.566406
5333,0.0605028526326186,0,Repayment predicted,0,1,False,0.2939521667967618,Low Risk,2026-08-28_131115,2026-09-16T08:06:57.566406
433,0.5763675971511687,1,Non-repayment predicted,1,1,True,0.2939521667967618,High Risk,2026-08-28_131115,2026-09-16T08:06:57.566406
2399,0.6413895848546598,1,Non-repayment predicted,1,0,False,0.2939521667967618,High Risk,2026-08-28_131115,2026-09-16T08:06:57.566406
142,0.4972492931066884,1,Non-repayment predicted,1,0,False,0.2939521667967618,Medium Risk,2026-08-28_131115,2026-09-16T08:06:57.566406
4273,0.4730773197364514,1,Non-repayment predicted,1,1,True,0.2939521667967618,Medium Risk,2026-08-28_131115,2026-09-16T08:06:57.566406
5085,0.4157331316263869,1,Non-repayment predicted,1,0,False,0.2939521667967618,Medium Risk,2026-08-28_131115,2026-09-16T08:06:57.566406
9562,0.0552255436023512,0,Repayment predicted,0,0,True,0.2939521667967618,Low Risk,2026-08-28_131115,2026-09-16T08:06:57.566406
2256,0.5896132125851932,1,Non-repayment predicted,1,1,True,0.2939521667967618,High Risk,2026-08-28_131115,2026-09-16T08:06:57.566406
1308,0.4706697134052505,1,Non-repayment predicted,1,0,False,0.2939521667967618,Medium Risk,2026-08-28_131115,2026-09-16T08:06:57.566406
5324,0.5676406118854709,1,Non-repayment predicted,1,0,False,0.2939521667967618,High Risk,2026-08-28_131115,2026-09-16T08:06:57.566406
3283,0.4992858137074587,1,Non-repayment predicted,1,1,True,0.2939521667967618,Medium Risk,2026-08-28_131115,2026-09-16T08:06:57.566406
7606,0.4531706565361847,1,Non-repayment predicted,1,1,True,0.2939521667967618,Medium Risk,2026-08-28_131115,2026-09-16T08:06:57.566406
5270,0.4739472221392678,1,Non-repayment predicted,1,0,False,0.2939521667967618,Medium Risk,2026-08-28_131115,2026-09-16T08:06:57.566406
7245,0.4803895430258479,1,Non-repayment predicted,1,1,True,0.2939521667967618,Medium Risk,2026-08-28_131115,2026-09-16T08:06:57.566406
1286,0.4918146739748746,1,Non-repayment predicted,1,1,True,0.2939521667967618,Medium Risk,2026-08-28_131115,2026-09-16T08:06:57.566406
5636,0.0602894283497511,0,Repayment predicted,0,0,True,0.2939521667967618,Low Risk,2026-08-28_131115,2026-09-16T08:06:57.566406
5074,0.1012786817339036,0,Repayment predicted,0,1,False,0.2939521667967618,Low Risk,2026-08-28_131115,2026-09-16T08:06:57.566406
9536,0.0745493456496421,0,Repayment predicted,0,0,True,0.2939521667967618,Low Risk,2026-08-28_131115,2026-09-16T08:06:57.566406
7592,0.4331290802866758,1,Non-repayment predicted,1,1,True,0.2939521667967618,Medium Risk,2026-08-28_131115,2026-09-16T08:06:57.566406
5729,0.4680717844977562,1,Non-repayment predicted,1,1,True,0.2939521667967618,Medium Risk,2026-08-28_131115,2026-09-16T08:06:57.566406
10166,0.591864512846636,1,Non-repayment predicted,1,1,True,0.2939521667967618,High Risk,2026-08-28_131115,2026-09-16T08:06:57.566406
6032,0.2053945272021139,0,Repayment predicted,0,1,False,0.2939521667967618,Low Risk,2026-08-28_131115,2026-09-16T08:06:57.566406
2183,0.0637956731799964,0,Repayment predicted,0,1,False,0.2939521667967618,Low Risk,2026-08-28_131115,2026-09-16T08:06:57.566406
7589,0.54500773850214,1,Non-repayment predicted,1,1,True,0.2939521667967618,High Risk,2026-08-28_131115,2026-09-16T08:06:57.566406
6726,0.0626450457175803,0,Repayment predicted,0,0,True,0.2939521667967618,Low Risk,2026-08-28_131115,2026-09-16T08:06:57.566406
10327,0.5204657587207332,1,Non-repayment predicted,1,0,False,0.2939521667967618,High Risk,2026-08-28_131115,2026-09-16T08:06:57.566406
2673,0.5237344107570557,1,Non-repayment predicted,1,0,False,0.2939521667967618,High Risk,2026-08-28_131115,2026-09-16T08:06:57.566406
2560,0.4609391439926606,1,Non-repayment predicted,1,1,True,0.2939521667967618,Medium Risk,2026-08-28_131115,2026-09-16T08:06:57.566406
9183,0.5527659501783379,1,Non-repayment predicted,1,1,True,0.2939521667967618,High Risk,2026-08-28_131115,2026-09-16T08:06:57.566406
7306,0.4307835520792821,1,Non-repayment predicted,1,0,False,0.2939521667967618,Medium Risk,2026-08-28_131115,2026-09-16T08:06:57.566406
8967,0.081016130179116,0,Repayment predicted,0,0,True,0.2939521667967618,Low Risk,2026-08-28_131115,2026-09-16T08:06:57.566406
9376,0.6396358493382138,1,Non-repayment predicted,1,0,False,0.2939521667967618,High Risk,2026-08-28_131115,2026-09-16T08:06:57.566406
5405,0.5128222867747583,1,Non-repayment predicted,1,1,True,0.2939521667967618,High Risk,2026-08-28_131115,2026-09-16T08:06:57.566406
92,0.4518587811311897,1,Non-repayment predicted,1,1,True,0.2939521667967618,Medium Risk,2026-08-28_131115,2026-09-16T08:06:57.566406
4079,0.4340604050977994,1,Non-repayment predicted,1,0,False,0.2939521667967618,Medium Risk,2026-08-28_131115,2026-09-16T08:06:57.566406
6494,0.4867752087162573,1,Non-repayment predicted,1,0,False,0.2939521667967618,Medium Risk,2026-08-28_131115,2026-09-16T08:06:57.566406
9105,0.4969605761681078,1,Non-repayment predicted,1,0,False,0.2939521667967618,Medium Risk,2026-08-28_131115,2026-09-16T08:06:57.566406
219,0.4959127886734498,1,Non-repayment predicted,1,0,False,0.2939521667967618,Medium Risk,2026-08-28_131115,2026-09-16T08:06:57.566406
538,0.5808339564849416,1,Non-repayment predicted,1,1,True,0.2939521667967618,High Risk,2026-08-28_131115,2026-09-16T08:06:57.566406
2588,0.4606822455438713,1,Non-repayment predicted,1,0,False,0.2939521667967618,Medium Risk,2026-08-28_131115,2026-09-16T08:06:57.566406
9182,0.5560370439429747,1,Non-repayment predicted,1,0,False,0.2939521667967618,High Risk,2026-08-28_131115,2026-09-16T08:06:57.566406
9163,0.5797648647589972,1,Non-repayment predicted,1,1,True,0.2939521667967618,High Risk,2026-08-28_131115,2026-09-16T08:06:57.566406
1711,0.4830214579629281,1,Non-repayment predicted,1,0,False,0.2939521667967618,Medium Risk,2026-08-28_131115,2026-09-16T08:06:57.566406
2771,0.5356086528042324,1,Non-repayment predicted,1,1,True,0.2939521667967618,High Risk,2026-08-28_131115,2026-09-16T08:06:57.566406
6009,0.4738119328692253,1,Non-repayment predicted,1,1,True,0.2939521667967618,Medium Risk,2026-08-28_131115,2026-09-16T08:06:57.566406
9951,0.521158531831041,1,Non-repayment predicted,1,1,True,0.2939521667967618,High Risk,2026-08-28_131115,2026-09-16T08:06:57.566406
165,0.0550954035535438,0,Repayment predicted,0,0,True,0.2939521667967618,Low Risk,2026-08-28_131115,2026-09-16T08:06:57.566406
4592,0.4467813670594748,1,Non-repayment predicted,1,0,False,0.2939521667967618,Medium Risk,2026-08-28_131115,2026-09-16T08:06:57.566406
3869,0.0431275939069533,0,Repayment predicted,0,0,True,0.2939521667967618,Low Risk,2026-08-28_131115,2026-09-16T08:06:57.566406
7662,0.4735045767600151,1,Non-repayment predicted,1,1,True,0.2939521667967618,Medium Risk,2026-08-28_131115,2026-09-16T08:06:57.566406
7341,0.4433158345279834,1,Non-repayment predicted,1,0,False,0.2939521667967618,Medium Risk,2026-08-28_131115,2026-09-16T08:06:57.566406
9591,0.4357734840552708,1,Non-repayment predicted,1,0,False,0.2939521667967618,Medium Risk,2026-08-28_131115,2026-09-16T08:06:57.566406
8887,0.0997595045761946,0,Repayment predicted,0,1,False,0.2939521667967618,Low Risk,2026-08-28_131115,2026-09-16T08:06:57.566406
9612,0.4973597525006018,1,Non-repayment predicted,1,1,True,0.2939521667967618,Medium Risk,2026-08-28_131115,2026-09-16T08:06:57.566406
1843,0.0341246854808823,0,Repayment predicted,0,0,True,0.2939521667967618,Low Risk,2026-08-28_131115,2026-09-16T08:06:57.566406
5010,0.4940658894531303,1,Non-repayment predicted,1,0,False,0.2939521667967618,Medium Risk,2026-08-28_131115,2026-09-16T08:06:57.566406
6363,0.5396498196097106,1,Non-repayment predicted,1,0,False,0.2939521667967618,High Risk,2026-08-28_131115,2026-09-16T08:06:57.566406
4544,0.0679247831014976,0,Repayment predicted,0,0,True,0.2939521667967618,Low Risk,2026-08-28_131115,2026-09-16T08:06:57.566406
2377,0.5263898239166512,1,Non-repayment predicted,1,1,True,0.2939521667967618,High Risk,2026-08-28_131115,2026-09-16T08:06:57.566406
8353,0.4409787530415184,1,Non-repayment predicted,1,1,True,0.2939521667967618,Medium Risk,2026-08-28_131115,2026-09-16T08:06:57.566406
4448,0.6430996616145506,1,Non-repayment predicted,1,0,False,0.2939521667967618,High Risk,2026-08-28_131115,2026-09-16T08:06:57.566406
5316,0.0772880377278042,0,Repayment predicted,0,0,True,0.2939521667967618,Low Risk,2026-08-28_131115,2026-09-16T08:06:57.566406
6485,0.4151922757812864,1,Non-repayment predicted,1,1,True,0.2939521667967618,Medium Risk,2026-08-28_131115,2026-09-16T08:06:57.566406
3262,0.0722205229862211,0,Repayment predicted,0,0,True,0.2939521667967618,Low Risk,2026-08-28_131115,2026-09-16T08:06:57.566406
4727,0.1001432070962034,0,Repayment predicted,0,0,True,0.2939521667967618,Low Risk,2026-08-28_131115,2026-09-16T08:06:57.566406
10024,0.0470220877690345,0,Repayment predicted,0,0,True,0.2939521667967618,Low Risk,2026-08-28_131115,2026-09-16T08:06:57.566406
3715,0.3999034529221852,1,Non-repayment predicted,1,1,True,0.2939521667967618,Medium Risk,2026-08-28_131115,2026-09-16T08:06:57.566406
2472,0.5224906947817011,1,Non-repayment predicted,1,1,True,0.2939521667967618,High Risk,2026-08-28_131115,2026-09-16T08:06:57.566406
88,0.0771603767704304,0,Repayment predicted,0,0,True,0.2939521667967618,Low Risk,2026-08-28_131115,2026-09-16T08:06:57.566406
3633,0.4279673627060356,1,Non-repayment predicted,1,0,False,0.2939521667967618,Medium Risk,2026-08-28_131115,2026-09-16T08:06:57.566406
2330,0.0586571631770866,0,Repayment predicted,0,0,True,0.2939521667967618,Low Risk,2026-08-28_131115,2026-09-16T08:06:57.566406
3048,0.553753273733004,1,Non-repayment predicted,1,1,True,0.2939521667967618,High Risk,2026-08-28_131115,2026-09-16T08:06:57.566406
7890,0.044984872626871,0,Repayment predicted,0,0,True,0.2939521667967618,Low Risk,2026-08-28_131115,2026-09-16T08:06:57.566406
2051,0.0629984662915181,0,Repayment predicted,0,0,True,0.2939521667967618,Low Risk,2026-08-28_131115,2026-09-16T08:06:57.566406
9474,0.0534570579490183,0,Repayment predicted,0,0,True,0.2939521667967618,Low Risk,2026-08-28_131115,2026-09-16T08:06:57.566406
9170,0.4736006511998006,1,Non-repayment predicted,1,1,True,0.2939521667967618,Medium Risk,2026-08-28_131115,2026-09-16T08:06:57.566406
6113,0.1111186020286181,0,Repayment predicted,0,0,True,0.2939521667967618,Low Risk,2026-08-28_131115,2026-09-16T08:06:57.566406
640,0.072868098856745,0,Repayment predicted,0,0,True,0.2939521667967618,Low Risk,2026-08-28_131115,2026-09-16T08:06:57.566406
8793,0.0695566861121294,0,Repayment predicted,0,0,True,0.2939521667967618,Low Risk,2026-08-28_131115,2026-09-16T08:06:57.566406
5469,0.4776550718757494,1,Non-repayment predicted,1,0,False,0.2939521667967618,Medium Risk,2026-08-28_131115,2026-09-16T08:06:57.566406
5687,0.0475254514616262,0,Repayment predicted,0,0,True,0.2939521667967618,Low Risk,2026-08-28_131115,2026-09-16T08:06:57.566406
6016,0.4734707066236489,1,Non-repayment predicted,1,1,True,0.2939521667967618,Medium Risk,2026-08-28_131115,2026-09-16T08:06:57.566406
3083,0.4567273739692356,1,Non-repayment predicted,1,0,False,0.2939521667967618,Medium Risk,2026-08-28_131115,2026-09-16T08:06:57.566406
4410,0.4286267146764215,1,Non-repayment predicted,1,1,True,0.2939521667967618,Medium Risk,2026-08-28_131115,2026-09-16T08:06:57.566406
9926,0.6269100714660075,1,Non-repayment predicted,1,1,True,0.2939521667967618,High Risk,2026-08-28_131115,2026-09-16T08:06:57.566406
9156,0.0478768789401806,0,Repayment predicted,0,0,True,0.2939521667967618,Low Risk,2026-08-28_131115,2026-09-16T08:06:57.566406
5078,0.4795296129032419,1,Non-repayment predicted,1,0,False,0.2939521667967618,Medium Risk,2026-08-28_131115,2026-09-16T08:06:57.566406
10105,0.0796071216731722,0,Repayment predicted,0,0,True,0.2939521667967618,Low Risk,2026-08-28_131115,2026-09-16T08:06:57.566406
5488,0.0661178493499149,0,Repayment predicted,0,0,True,0.2939521667967618,Low Risk,2026-08-28_131115,2026-09-16T08:06:57.566406
5819,0.6064454210126236,1,Non-repayment predicted,1,1,True,0.2939521667967618,High Risk,2026-08-28_131115,2026-09-16T08:06:57.566406
7639,0.0725370830316013,0,Repayment predicted,0,0,True,0.2939521667967618,Low Risk,2026-08-28_131115,2026-09-16T08:06:57.566406
2637,0.4620174963134902,1,Non-repayment predicted,1,1,True,0.2939521667967618,Medium Risk,2026-08-28_131115,2026-09-16T08:06:57.566406
1219,0.5262906222934071,1,Non-repayment predicted,1,1,True,0.2939521667967618,High Risk,2026-08-28_131115,2026-09-16T08:06:57.566406
6995,0.4288510819718695,1,Non-repayment predicted,1,1,True,0.2939521667967618,Medium Risk,2026-08-28_131115,2026-09-16T08:06:57.566406
6855,0.0277391964470982,0,Repayment predicted,0,0,True,0.2939521667967618,Low Risk,2026-08-28_131115,2026-09-16T08:06:57.566406
7784,0.4050693533800731,1,Non-repayment predicted,1,1,True,0.2939521667967618,Medium Risk,2026-08-28_131115,2026-09-16T08:06:57.566406
7488,0.5953977360345608,1,Non-repayment predicted,1,1,True,0.2939521667967618,High Risk,2026-08-28_131115,2026-09-16T08:06:57.566406
7826,0.447846916894032,1,Non-repayment predicted,1,0,False,0.2939521667967618,Medium Risk,2026-08-28_131115,2026-09-16T08:06:57.566406
1151,0.5980785701229883,1,Non-repayment predicted,1,1,True,0.2939521667967618,High Risk,2026-08-28_131115,2026-09-16T08:06:57.566406
1576,0.4875867349885133,1,Non-repayment predicted,1,1,True,0.2939521667967618,Medium Risk,2026-08-28_131115,2026-09-16T08:06:57.566406
2638,0.4497170761377639,1,Non-repayment predicted,1,1,True,0.2939521667967618,Medium Risk,2026-08-28_131115,2026-09-16T08:06:57.566406
1502,0.5073613334955759,1,Non-repayment predicted,1,0,False,0.2939521667967618,High Risk,2026-08-28_131115,2026-09-16T08:06:57.566406
2366,0.5973512971036233,1,Non-repayment predicted,1,1,True,0.2939521667967618,High Risk,2026-08-28_131115,2026-09-16T08:06:57.566406
373,0.4877470002875412,1,Non-repayment predicted,1,0,False,0.2939521667967618,Medium Risk,2026-08-28_131115,2026-09-16T08:06:57.566406
2677,0.3746588344952007,1,Non-repayment predicted,1,1,True,0.2939521667967618,Medium Risk,2026-08-28_131115,2026-09-16T08:06:57.566406
5304,0.526450216444663,1,Non-repayment predicted,1,0,False,0.2939521667967618,High Risk,2026-08-28_131115,2026-09-16T08:06:57.566406
4456,0.3879577277419006,1,Non-repayment predicted,1,0,False,0.2939521667967618,Medium Risk,2026-08-28_131115,2026-09-16T08:06:57.566406
5554,0.4709543972380273,1,Non-repayment predicted,1,1,True,0.2939521667967618,Medium Risk,2026-08-28_131115,2026-09-16T08:06:57.566406
5387,0.1138691807208364,0,Repayment predicted,0,0,True,0.2939521667967618,Low Risk,2026-08-28_131115,2026-09-16T08:06:57.566406
1030,0.0570008379563655,0,Repayment predicted,0,0,True,0.2939521667967618,Low Risk,2026-08-28_131115,2026-09-16T08:06:57.566406
5549,0.5220420855242992,1,Non-repayment predicted,1,1,True,0.2939521667967618,High Risk,2026-08-28_131115,2026-09-16T08:06:57.566406
480,0.5392099341701522,1,Non-repayment predicted,1,1,True,0.2939521667967618,High Risk,2026-08-28_131115,2026-09-16T08:06:57.566406
10088,0.075999277374139,0,Repayment predicted,0,0,True,0.2939521667967618,Low Risk,2026-08-28_131115,2026-09-16T08:06:57.566406
9534,0.0779210622994919,0,Repayment predicted,0,0,True,0.2939521667967618,Low Risk,2026-08-28_131115,2026-09-16T08:06:57.566406
6790,0.4475735691759807,1,Non-repayment predicted,1,1,True,0.2939521667967618,Medium Risk,2026-08-28_131115,2026-09-16T08:06:57.566406
3475,0.3990598500480349,1,Non-repayment predicted,1,0,False,0.2939521667967618,Medium Risk,2026-08-28_131115,2026-09-16T08:06:57.566406
8830,0.4666302609468167,1,Non-repayment predicted,1,1,True,0.2939521667967618,Medium Risk,2026-08-28_131115,2026-09-16T08:06:57.566406
2058,0.4678145361695678,1,Non-repayment predicted,1,1,True,0.2939521667967618,Medium Risk,2026-08-28_131115,2026-09-16T08:06:57.566406
4706,0.4798331670784459,1,Non-repayment predicted,1,1,True,0.2939521667967618,Medium Risk,2026-08-28_131115,2026-09-16T08:06:57.566406
8492,0.3942354201197953,1,Non-repayment predicted,1,1,True,0.2939521667967618,Medium Risk,2026-08-28_131115,2026-09-16T08:06:57.566406
4037,0.4895498825908748,1,Non-repayment predicted,1,1,True,0.2939521667967618,Medium Risk,2026-08-28_131115,2026-09-16T08:06:57.566406
193,0.4767380342911735,1,Non-repayment predicted,1,0,False,0.2939521667967618,Medium Risk,2026-08-28_131115,2026-09-16T08:06:57.566406
4802,0.4777094077031487,1,Non-repayment predicted,1,1,True,0.2939521667967618,Medium Risk,2026-08-28_131115,2026-09-16T08:06:57.566406
1596,0.0784890976933121,0,Repayment predicted,0,0,True,0.2939521667967618,Low Risk,2026-08-28_131115,2026-09-16T08:06:57.566406
8568,0.4036650548718904,1,Non-repayment predicted,1,0,False,0.2939521667967618,Medium Risk,2026-08-28_131115,2026-09-16T08:06:57.566406
7118,0.1155342991506927,0,Repayment predicted,0,1,False,0.2939521667967618,Low Risk,2026-08-28_131115,2026-09-16T08:06:57.566406
10068,0.4816256521232051,1,Non-repayment predicted,1,1,True,0.2939521667967618,Medium Risk,2026-08-28_131115,2026-09-16T08:06:57.566406
3316,0.0522996792355483,0,Repayment predicted,0,0,True,0.2939521667967618,Low Risk,2026-08-28_131115,2026-09-16T08:06:57.566406
9747,0.052330885159456,0,Repayment predicted,0,0,True,0.2939521667967618,Low Risk,2026-08-28_131115,2026-09-16T08:06:57.566406
4684,0.5970984141238409,1,Non-repayment predicted,1,1,True,0.2939521667967618,High Risk,2026-08-28_131115,2026-09-16T08:06:57.566406
7014,0.5075130937178476,1,Non-repayment predicted,1,1,True,0.2939521667967618,High Risk,2026-08-28_131115,2026-09-16T08:06:57.566406
9803,0.6245489024924888,1,Non-repayment predicted,1,0,False,0.2939521667967618,High Risk,2026-08-28_131115,2026-09-16T08:06:57.566406
7555,0.5015093763633732,1,Non-repayment predicted,1,1,True,0.2939521667967618,High Risk,2026-08-28_131115,2026-09-16T08:06:57.566406
9403,0.4317307115133849,1,Non-repayment predicted,1,0,False,0.2939521667967618,Medium Risk,2026-08-28_131115,2026-09-16T08:06:57.566406
3263,0.5890908256941787,1,Non-repayment predicted,1,1,True,0.2939521667967618,High Risk,2026-08-28_131115,2026-09-16T08:06:57.566406
8483,0.4348715785540482,1,Non-repayment predicted,1,1,True,0.2939521667967618,Medium Risk,2026-08-28_131115,2026-09-16T08:06:57.566406
5548,0.3897312157695139,1,Non-repayment predicted,1,0,False,0.2939521667967618,Medium Risk,2026-08-28_131115,2026-09-16T08:06:57.566406
2473,0.3667940325735598,1,Non-repayment predicted,1,0,False,0.2939521667967618,Medium Risk,2026-08-28_131115,2026-09-16T08:06:57.566406
9405,0.525275822733379,1,Non-repayment predicted,1,0,False,0.2939521667967618,High Risk,2026-08-28_131115,2026-09-16T08:06:57.566406
9881,0.5055975372922921,1,Non-repayment predicted,1,1,True,0.2939521667967618,High Risk,2026-08-28_131115,2026-09-16T08:06:57.566406
9238,0.5606206026387266,1,Non-repayment predicted,1,1,True,0.2939521667967618,High Risk,2026-08-28_131115,2026-09-16T08:06:57.566406
9191,0.455518478189926,1,Non-repayment predicted,1,0,False,0.2939521667967618,Medium Risk,2026-08-28_131115,2026-09-16T08:06:57.566406
7570,0.0629100661862468,0,Repayment predicted,0,0,True,0.2939521667967618,Low Risk,2026-08-28_131115,2026-09-16T08:06:57.566406
7297,0.5378714438865013,1,Non-repayment predicted,1,1,True,0.2939521667967618,High Risk,2026-08-28_131115,2026-09-16T08:06:57.566406
3454,0.4968513786722426,1,Non-repayment predicted,1,1,True,0.2939521667967618,Medium Risk,2026-08-28_131115,2026-09-16T08:06:57.566406
834,0.4281285774735124,1,Non-repayment predicted,1,0,False,0.2939521667967618,Medium Risk,2026-08-28_131115,2026-09-16T08:06:57.566406
1285,0.5072840421772646,1,Non-repayment predicted,1,0,False,0.2939521667967618,High Risk,2026-08-28_131115,2026-09-16T08:06:57.566406
4157,0.4386695497234427,1,Non-repayment predicted,1,0,False,0.2939521667967618,Medium Risk,2026-08-28_131115,2026-09-16T08:06:57.566406
5666,0.496128582127765,1,Non-repayment predicted,1,0,False,0.2939521667967618,Medium Risk,2026-08-28_131115,2026-09-16T08:06:57.566406
6352,0.4403212625777453,1,Non-repayment predicted,1,0,False,0.2939521667967618,Medium Risk,2026-08-28_131115,2026-09-16T08:06:57.566406
1994,0.0775348762025657,0,Repayment predicted,0,0,True,0.2939521667967618,Low Risk,2026-08-28_131115,2026-09-16T08:06:57.566406
8434,0.4742625190133341,1,Non-repayment predicted,1,0,False,0.2939521667967618,Medium Risk,2026-08-28_131115,2026-09-16T08:06:57.566406
9764,0.5096844077012864,1,Non-repayment predicted,1,1,True,0.2939521667967618,High Risk,2026-08-28_131115,2026-09-16T08:06:57.566406
2735,0.5124693971908585,1,Non-repayment predicted,1,0,False,0.2939521667967618,High Risk,2026-08-28_131115,2026-09-16T08:06:57.566406
392,0.5325322014464976,1,Non-repayment predicted,1,0,False,0.2939521667967618,High Risk,2026-08-28_131115,2026-09-16T08:06:57.566406
6204,0.5296052870481514,1,Non-repayment predicted,1,1,True,0.2939521667967618,High Risk,2026-08-28_131115,2026-09-16T08:06:57.566406
175,0.477269148089358,1,Non-repayment predicted,1,0,False,0.2939521667967618,Medium Risk,2026-08-28_131115,2026-09-16T08:06:57.566406
1109,0.5996303149846356,1,Non-repayment predicted,1,1,True,0.2939521667967618,High Risk,2026-08-28_131115,2026-09-16T08:06:57.566406
976,0.4084901636637283,1,Non-repayment predicted,1,1,True,0.2939521667967618,Medium Risk,2026-08-28_131115,2026-09-16T08:06:57.566406
8295,0.0672453377516431,0,Repayment predicted,0,0,True,0.2939521667967618,Low Risk,2026-08-28_131115,2026-09-16T08:06:57.566406
297,0.5827737224922006,1,Non-repayment predicted,1,0,False,0.2939521667967618,High Risk,2026-08-28_131115,2026-09-16T08:06:57.566406
5705,0.4976133903680458,1,Non-repayment predicted,1,1,True,0.2939521667967618,Medium Risk,2026-08-28_131115,2026-09-16T08:06:57.566406
7331,0.0794437746884859,0,Repayment predicted,0,0,True,0.2939521667967618,Low Risk,2026-08-28_131115,2026-09-16T08:06:57.566406
10062,0.0686329873152956,0,Repayment predicted,0,0,True,0.2939521667967618,Low Risk,2026-08-28_131115,2026-09-16T08:06:57.566406
7930,0.4547410533645147,1,Non-repayment predicted,1,0,False,0.2939521667967618,Medium Risk,2026-08-28_131115,2026-09-16T08:06:57.566406
5590,0.5302997695229744,1,Non-repayment predicted,1,0,False,0.2939521667967618,High Risk,2026-08-28_131115,2026-09-16T08:06:57.566406
8249,0.4018220905594977,1,Non-repayment predicted,1,1,True,0.2939521667967618,Medium Risk,2026-08-28_131115,2026-09-16T08:06:57.566406
8179,0.4750725840008664,1,Non-repayment predicted,1,1,True,0.2939521667967618,Medium Risk,2026-08-28_131115,2026-09-16T08:06:57.566406
363,0.4109240680212487,1,Non-repayment predicted,1,1,True,0.2939521667967618,Medium Risk,2026-08-28_131115,2026-09-16T08:06:57.566406
2675,0.5082460837883551,1,Non-repayment predicted,1,0,False,0.2939521667967618,High Risk,2026-08-28_131115,2026-09-16T08:06:57.566406
1264,0.4974508499061106,1,Non-repayment predicted,1,1,True,0.2939521667967618,Medium Risk,2026-08-28_131115,2026-09-16T08:06:57.566406
2640,0.4740634784756545,1,Non-repayment predicted,1,0,False,0.2939521667967618,Medium Risk,2026-08-28_131115,2026-09-16T08:06:57.566406
8132,0.6163785232917378,1,Non-repayment predicted,1,0,False,0.2939521667967618,High Risk,2026-08-28_131115,2026-09-16T08:06:57.566406
352,0.0483412118196933,0,Repayment predicted,0,0,True,0.2939521667967618,Low Risk,2026-08-28_131115,2026-09-16T08:06:57.566406
9875,0.4767158428499627,1,Non-repayment predicted,1,0,False,0.2939521667967618,Medium Risk,2026-08-28_131115,2026-09-16T08:06:57.566406
6804,0.3675474464645958,1,Non-repayment predicted,1,1,True,0.2939521667967618,Medium Risk,2026-08-28_131115,2026-09-16T08:06:57.566406
10253,0.0448547198383448,0,Repayment predicted,0,1,False,0.2939521667967618,Low Risk,2026-08-28_131115,2026-09-16T08:06:57.566406
7530,0.0755450139042833,0,Repayment predicted,0,0,True,0.2939521667967618,Low Risk,2026-08-28_131115,2026-09-16T08:06:57.566406
5461,0.4616263370357747,1,Non-repayment predicted,1,0,False,0.2939521667967618,Medium Risk,2026-08-28_131115,2026-09-16T08:06:57.566406
6745,0.501941536527766,1,Non-repayment predicted,1,1,True,0.2939521667967618,High Risk,2026-08-28_131115,2026-09-16T08:06:57.566406
1181,0.0367401843085621,0,Repayment predicted,0,0,True,0.2939521667967618,Low Risk,2026-08-28_131115,2026-09-16T08:06:57.566406
6112,0.5370779115792003,1,Non-repayment predicted,1,1,True,0.2939521667967618,High Risk,2026-08-28_131115,2026-09-16T08:06:57.566406
2159,0.4246562516390018,1,Non-repayment predicted,1,0,False,0.2939521667967618,Medium Risk,2026-08-28_131115,2026-09-16T08:06:57.566406
7120,0.401203953241391,1,Non-repayment predicted,1,1,True,0.2939521667967618,Medium Risk,2026-08-28_131115,2026-09-16T08:06:57.566406
7712,0.0559677915429826,0,Repayment predicted,0,0,True,0.2939521667967618,Low Risk,2026-08-28_131115,2026-09-16T08:06:57.566406
1626,0.0763994421625086,0,Repayment predicted,0,1,False,0.2939521667967618,Low Risk,2026-08-28_131115,2026-09-16T08:06:57.566406
4385,0.4305439657622053,1,Non-repayment predicted,1,0,False,0.2939521667967618,Medium Risk,2026-08-28_131115,2026-09-16T08:06:57.566406
7274,0.4858458253676375,1,Non-repayment predicted,1,0,False,0.2939521667967618,Medium Risk,2026-08-28_131115,2026-09-16T08:06:57.566406
7498,0.1056547401672704,0,Repayment predicted,0,0,True,0.2939521667967618,Low Risk,2026-08-28_131115,2026-09-16T08:06:57.566406
1887,0.4744785240811048,1,Non-repayment predicted,1,1,True,0.2939521667967618,Medium Risk,2026-08-28_131115,2026-09-16T08:06:57.566406
7967,0.08780911429877,0,Repayment predicted,0,0,True,0.2939521667967618,Low Risk,2026-08-28_131115,2026-09-16T08:06:57.566406
501,0.4708743465082355,1,Non-repayment predicted,1,1,True,0.2939521667967618,Medium Risk,2026-08-28_131115,2026-09-16T08:06:57.566406
5052,0.0604619279817397,0,Repayment predicted,0,0,True,0.2939521667967618,Low Risk,2026-08-28_131115,2026-09-16T08:06:57.566406
8115,0.0447724562300726,0,Repayment predicted,0,0,True,0.2939521667967618,Low Risk,2026-08-28_131115,2026-09-16T08:06:57.566406
9463,0.0558329089702124,0,Repayment predicted,0,0,True,0.2939521667967618,Low Risk,2026-08-28_131115,2026-09-16T08:06:57.566406
4078,0.3827603105448903,1,Non-repayment predicted,1,1,True,0.2939521667967618,Medium Risk,2026-08-28_131115,2026-09-16T08:06:57.566406
4124,0.4774016385352805,1,Non-repayment predicted,1,0,False,0.2939521667967618,Medium Risk,2026-08-28_131115,2026-09-16T08:06:57.566406
4913,0.4213535118278277,1,Non-repayment predicted,1,0,False,0.2939521667967618,Medium Risk,2026-08-28_131115,2026-09-16T08:06:57.566406
410,0.4816912743662287,1,Non-repayment predicted,1,0,False,0.2939521667967618,Medium Risk,2026-08-28_131115,2026-09-16T08:06:57.566406
4630,0.0838224062518946,0,Repayment predicted,0,0,True,0.2939521667967618,Low Risk,2026-08-28_131115,2026-09-16T08:06:57.566406
1056,0.5220163005482721,1,Non-repayment predicted,1,1,True,0.2939521667967618,High Risk,2026-08-28_131115,2026-09-16T08:06:57.566406
690,0.5858340685614248,1,Non-repayment predicted,1,1,True,0.2939521667967618,High Risk,2026-08-28_131115,2026-09-16T08:06:57.566406
1882,0.4331073666131075,1,Non-repayment predicted,1,1,True,0.2939521667967618,Medium Risk,2026-08-28_131115,2026-09-16T08:06:57.566406
3760,0.582781978852734,1,Non-repayment predicted,1,1,True,0.2939521667967618,High Risk,2026-08-28_131115,2026-09-16T08:06:57.566406
5476,0.5245802471361309,1,Non-repayment predicted,1,1,True,0.2939521667967618,High Risk,2026-08-28_131115,2026-09-16T08:06:57.566406
3860,0.459045342561968,1,Non-repayment predicted,1,0,False,0.2939521667967618,Medium Risk,2026-08-28_131115,2026-09-16T08:06:57.566406
3988,0.4765650114090706,1,Non-repayment predicted,1,0,False,0.2939521667967618,Medium Risk,2026-08-28_131115,2026-09-16T08:06:57.566406
6141,0.4535841166268064,1,Non-repayment predicted,1,1,True,0.2939521667967618,Medium Risk,2026-08-28_131115,2026-09-16T08:06:57.566406
2134,0.2842561755716395,0,Repayment predicted,0,0,True,0.2939521667967618,Medium Risk,2026-08-28_131115,2026-09-16T08:06:57.566406
5518,0.5672125978394661,1,Non-repayment predicted,1,1,True,0.2939521667967618,High Risk,2026-08-28_131115,2026-09-16T08:06:57.566406
6682,0.4913743049569097,1,Non-repayment predicted,1,0,False,0.2939521667967618,Medium Risk,2026-08-28_131115,2026-09-16T08:06:57.566406
9762,0.5313732759085357,1,Non-repayment predicted,1,0,False,0.2939521667967618,High Risk,2026-08-28_131115,2026-09-16T08:06:57.566406
1646,0.495244334314074,1,Non-repayment predicted,1,1,True,0.2939521667967618,Medium Risk,2026-08-28_131115,2026-09-16T08:06:57.566406
8193,0.548065790209134,1,Non-repayment predicted,1,1,True,0.2939521667967618,High Risk,2026-08-28_131115,2026-09-16T08:06:57.566406
167,0.5220334847443403,1,Non-repayment predicted,1,1,True,0.2939521667967618,High Risk,2026-08-28_131115,2026-09-16T08:06:57.566406
6613,0.0816930069030166,0,Repayment predicted,0,0,True,0.2939521667967618,Low Risk,2026-08-28_131115,2026-09-16T08:06:57.566406
4175,0.4107671015561881,1,Non-repayment predicted,1,0,False,0.2939521667967618,Medium Risk,2026-08-28_131115,2026-09-16T08:06:57.566406
1712,0.5179882077613686,1,Non-repayment predicted,1,0,False,0.2939521667967618,High Risk,2026-08-28_131115,2026-09-16T08:06:57.566406
7720,0.4605778294939673,1,Non-repayment predicted,1,0,False,0.2939521667967618,Medium Risk,2026-08-28_131115,2026-09-16T08:06:57.566406
8444,0.4493020441137448,1,Non-repayment predicted,1,0,False,0.2939521667967618,Medium Risk,2026-08-28_131115,2026-09-16T08:06:57.566406
6639,0.0503664576040749,0,Repayment predicted,0,1,False,0.2939521667967618,Low Risk,2026-08-28_131115,2026-09-16T08:06:57.566406
8662,0.5181040715617408,1,Non-repayment predicted,1,0,False,0.2939521667967618,High Risk,2026-08-28_131115,2026-09-16T08:06:57.566406
5934,0.055505040398735,0,Repayment predicted,0,0,True,0.2939521667967618,Low Risk,2026-08-28_131115,2026-09-16T08:06:57.566406
9649,0.5067374315630081,1,Non-repayment predicted,1,0,False,0.2939521667967618,High Risk,2026-08-28_131115,2026-09-16T08:06:57.566406
2067,0.5510505169744961,1,Non-repayment predicted,1,1,True,0.2939521667967618,High Risk,2026-08-28_131115,2026-09-16T08:06:57.566406
10189,0.0747740709708514,0,Repayment predicted,0,0,True,0.2939521667967618,Low Risk,2026-08-28_131115,2026-09-16T08:06:57.566406
1673,0.4486067616851883,1,Non-repayment predicted,1,1,True,0.2939521667967618,Medium Risk,2026-08-28_131115,2026-09-16T08:06:57.566406
6656,0.4887077672292415,1,Non-repayment predicted,1,1,True,0.2939521667967618,Medium Risk,2026-08-28_131115,2026-09-16T08:06:57.566406
1159,0.4023382403962026,1,Non-repayment predicted,1,0,False,0.2939521667967618,Medium Risk,2026-08-28_131115,2026-09-16T08:06:57.566406
1563,0.4492648286118011,1,Non-repayment predicted,1,0,False,0.2939521667967618,Medium Risk,2026-08-28_131115,2026-09-16T08:06:57.566406
5001,0.5596618649825433,1,Non-repayment predicted,1,0,False,0.2939521667967618,High Risk,2026-08-28_131115,2026-09-16T08:06:57.566406
7159,0.0623061173824221,0,Repayment predicted,0,0,True,0.2939521667967618,Low Risk,2026-08-28_131115,2026-09-16T08:06:57.566406
185,0.4883102390575087,1,Non-repayment predicted,1,1,True,0.2939521667967618,Medium Risk,2026-08-28_131115,2026-09-16T08:06:57.566406
1479,0.4237065266194456,1,Non-repayment predicted,1,1,True,0.2939521667967618,Medium Risk,2026-08-28_131115,2026-09-16T08:06:57.566406
10217,0.075990186348312,0,Repayment predicted,0,0,True,0.2939521667967618,Low Risk,2026-08-28_131115,2026-09-16T08:06:57.566406
8235,0.4645756190339474,1,Non-repayment predicted,1,0,False,0.2939521667967618,Medium Risk,2026-08-28_131115,2026-09-16T08:06:57.566406
6451,0.4796729885740903,1,Non-repayment predicted,1,0,False,0.2939521667967618,Medium Risk,2026-08-28_131115,2026-09-16T08:06:57.566406
20,0.0698143199914776,0,Repayment predicted,0,0,True,0.2939521667967618,Low Risk,2026-08-28_131115,2026-09-16T08:06:57.566406
2801,0.0516903964603974,0,Repayment predicted,0,1,False,0.2939521667967618,Low Risk,2026-08-28_131115,2026-09-16T08:06:57.566406
5135,0.5274841898956769,1,Non-repayment predicted,1,0,False,0.2939521667967618,High Risk,2026-08-28_131115,2026-09-16T08:06:57.566406
4900,0.3819416990483829,1,Non-repayment predicted,1,0,False,0.2939521667967618,Medium Risk,2026-08-28_131115,2026-09-16T08:06:57.566406
8935,0.4621045104505153,1,Non-repayment predicted,1,1,True,0.2939521667967618,Medium Risk,2026-08-28_131115,2026-09-16T08:06:57.566406
1145,0.5289746740443293,1,Non-repayment predicted,1,0,False,0.2939521667967618,High Risk,2026-08-28_131115,2026-09-16T08:06:57.566406
197,0.5055217007895917,1,Non-repayment predicted,1,0,False,0.2939521667967618,High Risk,2026-08-28_131115,2026-09-16T08:06:57.566406
2323,0.4349634090376993,1,Non-repayment predicted,1,1,True,0.2939521667967618,Medium Risk,2026-08-28_131115,2026-09-16T08:06:57.566406
8459,0.4778036296903605,1,Non-repayment predicted,1,0,False,0.2939521667967618,Medium Risk,2026-08-28_131115,2026-09-16T08:06:57.566406
7972,0.5910666299129663,1,Non-repayment predicted,1,0,False,0.2939521667967618,High Risk,2026-08-28_131115,2026-09-16T08:06:57.566406
3175,0.0962964035335103,0,Repayment predicted,0,0,True,0.2939521667967618,Low Risk,2026-08-28_131115,2026-09-16T08:06:57.566406
9133,0.0957781665462071,0,Repayment predicted,0,0,True,0.2939521667967618,Low Risk,2026-08-28_131115,2026-09-16T08:06:57.566406
9270,0.398963164374902,1,Non-repayment predicted,1,0,False,0.2939521667967618,Medium Risk,2026-08-28_131115,2026-09-16T08:06:57.566406
5236,0.510593134860055,1,Non-repayment predicted,1,1,True,0.2939521667967618,High Risk,2026-08-28_131115,2026-09-16T08:06:57.566406
5818,0.0809005594867842,0,Repayment predicted,0,0,True,0.2939521667967618,Low Risk,2026-08-28_131115,2026-09-16T08:06:57.566406
10198,0.5659910310824088,1,Non-repayment predicted,1,0,False,0.2939521667967618,High Risk,2026-08-28_131115,2026-09-16T08:06:57.566406
8270,0.3705826481777791,1,Non-repayment predicted,1,0,False,0.2939521667967618,Medium Risk,2026-08-28_131115,2026-09-16T08:06:57.566406
1558,0.0750445744656661,0,Repayment predicted,0,0,True,0.2939521667967618,Low Risk,2026-08-28_131115,2026-09-16T08:06:57.566406
942,0.1009045977496072,0,Repayment predicted,0,0,True,0.2939521667967618,Low Risk,2026-08-28_131115,2026-09-16T08:06:57.566406
7215,0.4501861166927599,1,Non-repayment predicted,1,0,False,0.2939521667967618,Medium Risk,2026-08-28_131115,2026-09-16T08:06:57.566406
8677,0.5000770960930779,1,Non-repayment predicted,1,1,True,0.2939521667967618,High Risk,2026-08-28_131115,2026-09-16T08:06:57.566406
5281,0.0908646895113051,0,Repayment predicted,0,0,True,0.2939521667967618,Low Risk,2026-08-28_131115,2026-09-16T08:06:57.566406
2571,0.0624172055332367,0,Repayment predicted,0,0,True,0.2939521667967618,Low Risk,2026-08-28_131115,2026-09-16T08:06:57.566406
6520,0.5001390346994893,1,Non-repayment predicted,1,1,True,0.2939521667967618,High Risk,2026-08-28_131115,2026-09-16T08:06:57.566406
8562,0.5037514443039611,1,Non-repayment predicted,1,0,False,0.2939521667967618,High Risk,2026-08-28_131115,2026-09-16T08:06:57.566406
4468,0.5615672873274143,1,Non-repayment predicted,1,1,True,0.2939521667967618,High Risk,2026-08-28_131115,2026-09-16T08:06:57.566406
3761,0.4183325206185899,1,Non-repayment predicted,1,1,True,0.2939521667967618,Medium Risk,2026-08-28_131115,2026-09-16T08:06:57.566406
1816,0.0549591984770415,0,Repayment predicted,0,0,True,0.2939521667967618,Low Risk,2026-08-28_131115,2026-09-16T08:06:57.566406
6324,0.116579953331597,0,Repayment predicted,0,0,True,0.2939521667967618,Low Risk,2026-08-28_131115,2026-09-16T08:06:57.566406
7015,0.5329244602710655,1,Non-repayment predicted,1,0,False,0.2939521667967618,High Risk,2026-08-28_131115,2026-09-16T08:06:57.566406
1226,0.0615882564094342,0,Repayment predicted,0,0,True,0.2939521667967618,Low Risk,2026-08-28_131115,2026-09-16T08:06:57.566406
5310,0.5866486299731101,1,Non-repayment predicted,1,1,True,0.2939521667967618,High Risk,2026-08-28_131115,2026-09-16T08:06:57.566406
6156,0.4626126248925369,1,Non-repayment predicted,1,0,False,0.2939521667967618,Medium Risk,2026-08-28_131115,2026-09-16T08:06:57.566406
1362,0.5055604283136589,1,Non-repayment predicted,1,0,False,0.2939521667967618,High Risk,2026-08-28_131115,2026-09-16T08:06:57.566406
2474,0.3598895991106347,1,Non-repayment predicted,1,0,False,0.2939521667967618,Medium Risk,2026-08-28_131115,2026-09-16T08:06:57.566406
2385,0.0462996643505817,0,Repayment predicted,0,0,True,0.2939521667967618,Low Risk,2026-08-28_131115,2026-09-16T08:06:57.566406
2906,0.5432142613001933,1,Non-repayment predicted,1,1,True,0.2939521667967618,High Risk,2026-08-28_131115,2026-09-16T08:06:57.566406
2690,0.4202401968452588,1,Non-repayment predicted,1,0,False,0.2939521667967618,Medium Risk,2026-08-28_131115,2026-09-16T08:06:57.566406
6650,0.4403445025094226,1,Non-repayment predicted,1,0,False,0.2939521667967618,Medium Risk,2026-08-28_131115,2026-09-16T08:06:57.566406
8791,0.4786337598467277,1,Non-repayment predicted,1,0,False,0.2939521667967618,Medium Risk,2026-08-28_131115,2026-09-16T08:06:57.566406
4253,0.4235191202296487,1,Non-repayment predicted,1,1,True,0.2939521667967618,Medium Risk,2026-08-28_131115,2026-09-16T08:06:57.566406
3195,0.4415516019650956,1,Non-repayment predicted,1,0,False,0.2939521667967618,Medium Risk,2026-08-28_131115,2026-09-16T08:06:57.566406
4830,0.4910455734695892,1,Non-repayment predicted,1,0,False,0.2939521667967618,Medium Risk,2026-08-28_131115,2026-09-16T08:06:57.566406
9618,0.4851940698955671,1,Non-repayment predicted,1,0,False,0.2939521667967618,Medium Risk,2026-08-28_131115,2026-09-16T08:06:57.566406
348,0.5020574010249577,1,Non-repayment predicted,1,1,True,0.2939521667967618,High Risk,2026-08-28_131115,2026-09-16T08:06:57.566406
2665,0.0884587161864267,0,Repayment predicted,0,0,True,0.2939521667967618,Low Risk,2026-08-28_131115,2026-09-16T08:06:57.566406
8719,0.4446141164356347,1,Non-repayment predicted,1,1,True,0.2939521667967618,Medium Risk,2026-08-28_131115,2026-09-16T08:06:57.566406
8792,0.0599927395328559,0,Repayment predicted,0,1,False,0.2939521667967618,Low Risk,2026-08-28_131115,2026-09-16T08:06:57.566406
5081,0.0657898641525959,0,Repayment predicted,0,0,True,0.2939521667967618,Low Risk,2026-08-28_131115,2026-09-16T08:06:57.566406
6778,0.0674195236529008,0,Repayment predicted,0,0,True,0.2939521667967618,Low Risk,2026-08-28_131115,2026-09-16T08:06:57.566406
2763,0.5037916647063243,1,Non-repayment predicted,1,0,False,0.2939521667967618,High Risk,2026-08-28_131115,2026-09-16T08:06:57.566406
3267,0.4412994532782232,1,Non-repayment predicted,1,0,False,0.2939521667967618,Medium Risk,2026-08-28_131115,2026-09-16T08:06:57.566406
9368,0.0514924649049011,0,Repayment predicted,0,0,True,0.2939521667967618,Low Risk,2026-08-28_131115,2026-09-16T08:06:57.566406
5254,0.5327031415885837,1,Non-repayment predicted,1,0,False,0.2939521667967618,High Risk,2026-08-28_131115,2026-09-16T08:06:57.566406
6173,0.4394453475659832,1,Non-repayment predicted,1,0,False,0.2939521667967618,Medium Risk,2026-08-28_131115,2026-09-16T08:06:57.566406
6636,0.4891166436174876,1,Non-repayment predicted,1,0,False,0.2939521667967618,Medium Risk,2026-08-28_131115,2026-09-16T08:06:57.566406
5959,0.4286890855176823,1,Non-repayment predicted,1,0,False,0.2939521667967618,Medium Risk,2026-08-28_131115,2026-09-16T08:06:57.566406
8240,0.4936874680709854,1,Non-repayment predicted,1,0,False,0.2939521667967618,Medium Risk,2026-08-28_131115,2026-09-16T08:06:57.566406
8647,0.4453763476694425,1,Non-repayment predicted,1,1,True,0.2939521667967618,Medium Risk,2026-08-28_131115,2026-09-16T08:06:57.566406
4990,0.0495280214780069,0,Repayment predicted,0,0,True,0.2939521667967618,Low Risk,2026-08-28_131115,2026-09-16T08:06:57.566406
2751,0.5552624524028871,1,Non-repayment predicted,1,1,True,0.2939521667967618,High Risk,2026-08-28_131115,2026-09-16T08:06:57.566406
4804,0.5337243741183068,1,Non-repayment predicted,1,1,True,0.2939521667967618,High Risk,2026-08-28_131115,2026-09-16T08:06:57.566406
8588,0.4620563853513456,1,Non-repayment predicted,1,1,True,0.2939521667967618,Medium Risk,2026-08-28_131115,2026-09-16T08:06:57.566406
7334,0.5338923336327237,1,Non-repayment predicted,1,0,False,0.2939521667967618,High Risk,2026-08-28_131115,2026-09-16T08:06:57.566406
963,0.4435312590296149,1,Non-repayment predicted,1,0,False,0.2939521667967618,Medium Risk,2026-08-28_131115,2026-09-16T08:06:57.566406
1772,0.4562257277199923,1,Non-repayment predicted,1,0,False,0.2939521667967618,Medium Risk,2026-08-28_131115,2026-09-16T08:06:57.566406
9780,0.0638951955894507,0,Repayment predicted,0,0,True,0.2939521667967618,Low Risk,2026-08-28_131115,2026-09-16T08:06:57.566406
8496,0.4415043427652509,1,Non-repayment predicted,1,0,False,0.2939521667967618,Medium Risk,2026-08-28_131115,2026-09-16T08:06:57.566406
9072,0.6354755945562008,1,Non-repayment predicted,1,1,True,0.2939521667967618,High Risk,2026-08-28_131115,2026-09-16T08:06:57.566406
6644,0.1113598931612585,0,Repayment predicted,0,0,True,0.2939521667967618,Low Risk,2026-08-28_131115,2026-09-16T08:06:57.566406
4155,0.4950999092814865,1,Non-repayment predicted,1,0,False,0.2939521667967618,Medium Risk,2026-08-28_131115,2026-09-16T08:06:57.566406
2744,0.5067814798269752,1,Non-repayment predicted,1,0,False,0.2939521667967618,High Risk,2026-08-28_131115,2026-09-16T08:06:57.566406
6965,0.5425434045075779,1,Non-repayment predicted,1,1,True,0.2939521667967618,High Risk,2026-08-28_131115,2026-09-16T08:06:57.566406
2947,0.6397209392219642,1,Non-repayment predicted,1,0,False,0.2939521667967618,High Risk,2026-08-28_131115,2026-09-16T08:06:57.566406
2876,0.4525480961356196,1,Non-repayment predicted,1,0,False,0.2939521667967618,Medium Risk,2026-08-28_131115,2026-09-16T08:06:57.566406
6293,0.506607240737761,1,Non-repayment predicted,1,1,True,0.2939521667967618,High Risk,2026-08-28_131115,2026-09-16T08:06:57.566406
7943,0.4416995227578444,1,Non-repayment predicted,1,0,False,0.2939521667967618,Medium Risk,2026-08-28_131115,2026-09-16T08:06:57.566406
4218,0.5065969234666313,1,Non-repayment predicted,1,1,True,0.2939521667967618,High Risk,2026-08-28_131115,2026-09-16T08:06:57.566406
5220,0.0739025520965654,0,Repayment predicted,0,0,True,0.2939521667967618,Low Risk,2026-08-28_131115,2026-09-16T08:06:57.566406
7603,0.082688524386726,0,Repayment predicted,0,0,True,0.2939521667967618,Low Risk,2026-08-28_131115,2026-09-16T08:06:57.566406
1215,0.1047432927195504,0,Repayment predicted,0,0,True,0.2939521667967618,Low Risk,2026-08-28_131115,2026-09-16T08:06:57.566406
651,0.5585671242296393,1,Non-repayment predicted,1,1,True,0.2939521667967618,High Risk,2026-08-28_131115,2026-09-16T08:06:57.566406
10178,0.5903155133654834,1,Non-repayment predicted,1,1,True,0.2939521667967618,High Risk,2026-08-28_131115,2026-09-16T08:06:57.566406
9771,0.4751084023623932,1,Non-repayment predicted,1,1,True,0.2939521667967618,Medium Risk,2026-08-28_131115,2026-09-16T08:06:57.566406
8237,0.512386401842693,1,Non-repayment predicted,1,0,False,0.2939521667967618,High Risk,2026-08-28_131115,2026-09-16T08:06:57.566406
8346,0.457076397354591,1,Non-repayment predicted,1,0,False,0.2939521667967618,Medium Risk,2026-08-28_131115,2026-09-16T08:06:57.566406
4577,0.4256917284473363,1,Non-repayment predicted,1,0,False,0.2939521667967618,Medium Risk,2026-08-28_131115,2026-09-16T08:06:57.566406
5064,0.3820218653592163,1,Non-repayment predicted,1,1,True,0.2939521667967618,Medium Risk,2026-08-28_131115,2026-09-16T08:06:57.566406
7330,0.5220733044134821,1,Non-repayment predicted,1,0,False,0.2939521667967618,High Risk,2026-08-28_131115,2026-09-16T08:06:57.566406
4906,0.0501900843097619,0,Repayment predicted,0,0,True,0.2939521667967618,Low Risk,2026-08-28_131115,2026-09-16T08:06:57.566406
7432,0.0473086890110443,0,Repayment predicted,0,0,True,0.2939521667967618,Low Risk,2026-08-28_131115,2026-09-16T08:06:57.566406
7702,0.4486243694092729,1,Non-repayment predicted,1,0,False,0.2939521667967618,Medium Risk,2026-08-28_131115,2026-09-16T08:06:57.566406
8933,0.5399137959167405,1,Non-repayment predicted,1,1,True,0.2939521667967618,High Risk,2026-08-28_131115,2026-09-16T08:06:57.566406
6067,0.4661381049150561,1,Non-repayment predicted,1,1,True,0.2939521667967618,Medium Risk,2026-08-28_131115,2026-09-16T08:06:57.566406
8136,0.5735914707412637,1,Non-repayment predicted,1,1,True,0.2939521667967618,High Risk,2026-08-28_131115,2026-09-16T08:06:57.566406
3952,0.139402348114918,0,Repayment predicted,0,0,True,0.2939521667967618,Low Risk,2026-08-28_131115,2026-09-16T08:06:57.566406
5176,0.4684482593534221,1,Non-repayment predicted,1,0,False,0.2939521667967618,Medium Risk,2026-08-28_131115,2026-09-16T08:06:57.566406
1499,0.4745291491243897,1,Non-repayment predicted,1,1,True,0.2939521667967618,Medium Risk,2026-08-28_131115,2026-09-16T08:06:57.566406
3563,0.5748920261740199,1,Non-repayment predicted,1,1,True,0.2939521667967618,High Risk,2026-08-28_131115,2026-09-16T08:06:57.566406
6783,0.0758714263889457,0,Repayment predicted,0,0,True,0.2939521667967618,Low Risk,2026-08-28_131115,2026-09-16T08:06:57.566406
10304,0.051173896667775,0,Repayment predicted,0,0,True,0.2939521667967618,Low Risk,2026-08-28_131115,2026-09-16T08:06:57.566406
5560,0.4818767386895547,1,Non-repayment predicted,1,1,True,0.2939521667967618,Medium Risk,2026-08-28_131115,2026-09-16T08:06:57.566406
2718,0.052335363087146,0,Repayment predicted,0,0,True,0.2939521667967618,Low Risk,2026-08-28_131115,2026-09-16T08:06:57.566406
7250,0.5220327066001862,1,Non-repayment predicted,1,1,True,0.2939521667967618,High Risk,2026-08-28_131115,2026-09-16T08:06:57.566406
5207,0.5259930534346358,1,Non-repayment predicted,1,1,True,0.2939521667967618,High Risk,2026-08-28_131115,2026-09-16T08:06:57.566406
7370,0.4841797459768319,1,Non-repayment predicted,1,1,True,0.2939521667967618,Medium Risk,2026-08-28_131115,2026-09-16T08:06:57.566406
10317,0.3570381739011803,1,Non-repayment predicted,1,0,False,0.2939521667967618,Medium Risk,2026-08-28_131115,2026-09-16T08:06:57.566406
4516,0.3987733512810311,1,Non-repayment predicted,1,0,False,0.2939521667967618,Medium Risk,2026-08-28_131115,2026-09-16T08:06:57.566406
3967,0.4813824260716485,1,Non-repayment predicted,1,0,False,0.2939521667967618,Medium Risk,2026-08-28_131115,2026-09-16T08:06:57.566406
5598,0.4022118790554155,1,Non-repayment predicted,1,1,True,0.2939521667967618,Medium Risk,2026-08-28_131115,2026-09-16T08:06:57.566406
2337,0.4834284118531333,1,Non-repayment predicted,1,0,False,0.2939521667967618,Medium Risk,2026-08-28_131115,2026-09-16T08:06:57.566406
2035,0.4577717703842104,1,Non-repayment predicted,1,0,False,0.2939521667967618,Medium Risk,2026-08-28_131115,2026-09-16T08:06:57.566406
5305,0.4848841710710312,1,Non-repayment predicted,1,1,True,0.2939521667967618,Medium Risk,2026-08-28_131115,2026-09-16T08:06:57.566406
7328,0.0595912498223318,0,Repayment predicted,0,0,True,0.2939521667967618,Low Risk,2026-08-28_131115,2026-09-16T08:06:57.566406
6541,0.1205229320440372,0,Repayment predicted,0,0,True,0.2939521667967618,Low Risk,2026-08-28_131115,2026-09-16T08:06:57.566406
1623,0.0634568344576663,0,Repayment predicted,0,0,True,0.2939521667967618,Low Risk,2026-08-28_131115,2026-09-16T08:06:57.566406
10158,0.5287545746855596,1,Non-repayment predicted,1,0,False,0.2939521667967618,High Risk,2026-08-28_131115,2026-09-16T08:06:57.566406
3165,0.1133559320217989,0,Repayment predicted,0,0,True,0.2939521667967618,Low Risk,2026-08-28_131115,2026-09-16T08:06:57.566406
1291,0.5007504292390065,1,Non-repayment predicted,1,1,True,0.2939521667967618,High Risk,2026-08-28_131115,2026-09-16T08:06:57.566406
10269,0.0800876849156275,0,Repayment predicted,0,0,True,0.2939521667967618,Low Risk,2026-08-28_131115,2026-09-16T08:06:57.566406
6695,0.5024194664006575,1,Non-repayment predicted,1,0,False,0.2939521667967618,High Risk,2026-08-28_131115,2026-09-16T08:06:57.566406
4459,0.5749124102896116,1,Non-repayment predicted,1,0,False,0.2939521667967618,High Risk,2026-08-28_131115,2026-09-16T08:06:57.566406
4065,0.14569999507874,0,Repayment predicted,0,0,True,0.2939521667967618,Low Risk,2026-08-28_131115,2026-09-16T08:06:57.566406
7546,0.592703151848382,1,Non-repayment predicted,1,1,True,0.2939521667967618,High Risk,2026-08-28_131115,2026-09-16T08:06:57.566406
1659,0.4835564938621959,1,Non-repayment predicted,1,0,False,0.2939521667967618,Medium Risk,2026-08-28_131115,2026-09-16T08:06:57.566406
4067,0.4585247925087848,1,Non-repayment predicted,1,0,False,0.2939521667967618,Medium Risk,2026-08-28_131115,2026-09-16T08:06:57.566406
7537,0.0700347748171843,0,Repayment predicted,0,1,False,0.2939521667967618,Low Risk,2026-08-28_131115,2026-09-16T08:06:57.566406
8519,0.4540068765821634,1,Non-repayment predicted,1,0,False,0.2939521667967618,Medium Risk,2026-08-28_131115,2026-09-16T08:06:57.566406
3561,0.5955804822916688,1,Non-repayment predicted,1,1,True,0.2939521667967618,High Risk,2026-08-28_131115,2026-09-16T08:06:57.566406
9823,0.4687849370054294,1,Non-repayment predicted,1,0,False,0.2939521667967618,Medium Risk,2026-08-28_131115,2026-09-16T08:06:57.566406
4754,0.5468754807110947,1,Non-repayment predicted,1,0,False,0.2939521667967618,High Risk,2026-08-28_131115,2026-09-16T08:06:57.566406
5194,0.5859883248773249,1,Non-repayment predicted,1,0,False,0.2939521667967618,High Risk,2026-08-28_131115,2026-09-16T08:06:57.566406
2317,0.5216946587619762,1,Non-repayment predicted,1,0,False,0.2939521667967618,High Risk,2026-08-28_131115,2026-09-16T08:06:57.566406
4249,0.5223033463865413,1,Non-repayment predicted,1,0,False,0.2939521667967618,High Risk,2026-08-28_131115,2026-09-16T08:06:57.566406
1591,0.4752629529352739,1,Non-repayment predicted,1,0,False,0.2939521667967618,Medium Risk,2026-08-28_131115,2026-09-16T08:06:57.566406
7292,0.0436472562694443,0,Repayment predicted,0,0,True,0.2939521667967618,Low Risk,2026-08-28_131115,2026-09-16T08:06:57.566406
7750,0.585641523796862,1,Non-repayment predicted,1,0,False,0.2939521667967618,High Risk,2026-08-28_131115,2026-09-16T08:06:57.566406
6038,0.4987594751794027,1,Non-repayment predicted,1,0,False,0.2939521667967618,Medium Risk,2026-08-28_131115,2026-09-16T08:06:57.566406
9817,0.441840513875021,1,Non-repayment predicted,1,1,True,0.2939521667967618,Medium Risk,2026-08-28_131115,2026-09-16T08:06:57.566406
5853,0.459510638231513,1,Non-repayment predicted,1,0,False,0.2939521667967618,Medium Risk,2026-08-28_131115,2026-09-16T08:06:57.566406
9692,0.5616971979646509,1,Non-repayment predicted,1,1,True,0.2939521667967618,High Risk,2026-08-28_131115,2026-09-16T08:06:57.566406
4585,0.4957957222835552,1,Non-repayment predicted,1,0,False,0.2939521667967618,Medium Risk,2026-08-28_131115,2026-09-16T08:06:57.566406
902,0.045189701351068,0,Repayment predicted,0,0,True,0.2939521667967618,Low Risk,2026-08-28_131115,2026-09-16T08:06:57.566406
4169,0.0771538644203446,0,Repayment predicted,0,0,True,0.2939521667967618,Low Risk,2026-08-28_131115,2026-09-16T08:06:57.566406
6394,0.6028885955859818,1,Non-repayment predicted,1,1,True,0.2939521667967618,High Risk,2026-08-28_131115,2026-09-16T08:06:57.566406
189,0.4288425525255211,1,Non-repayment predicted,1,1,True,0.2939521667967618,Medium Risk,2026-08-28_131115,2026-09-16T08:06:57.566406
7177,0.461577725328164,1,Non-repayment predicted,1,0,False,0.2939521667967618,Medium Risk,2026-08-28_131115,2026-09-16T08:06:57.566406
5336,0.4926157357152372,1,Non-repayment predicted,1,0,False,0.2939521667967618,Medium Risk,2026-08-28_131115,2026-09-16T08:06:57.566406
9064,0.4742985078544918,1,Non-repayment predicted,1,1,True,0.2939521667967618,Medium Risk,2026-08-28_131115,2026-09-16T08:06:57.566406
3487,0.6339895537015485,1,Non-repayment predicted,1,1,True,0.2939521667967618,High Risk,2026-08-28_131115,2026-09-16T08:06:57.566406
2669,0.399500146518762,1,Non-repayment predicted,1,0,False,0.2939521667967618,Medium Risk,2026-08-28_131115,2026-09-16T08:06:57.566406
3082,0.4449813454053541,1,Non-repayment predicted,1,0,False,0.2939521667967618,Medium Risk,2026-08-28_131115,2026-09-16T08:06:57.566406
4123,0.4646557524588315,1,Non-repayment predicted,1,1,True,0.2939521667967618,Medium Risk,2026-08-28_131115,2026-09-16T08:06:57.566406
5825,0.4910315991231575,1,Non-repayment predicted,1,1,True,0.2939521667967618,Medium Risk,2026-08-28_131115,2026-09-16T08:06:57.566406
7442,0.5814208710402481,1,Non-repayment predicted,1,1,True,0.2939521667967618,High Risk,2026-08-28_131115,2026-09-16T08:06:57.566406
4838,0.4307799425186644,1,Non-repayment predicted,1,1,True,0.2939521667967618,Medium Risk,2026-08-28_131115,2026-09-16T08:06:57.566406
5688,0.0739843016235088,0,Repayment predicted,0,1,False,0.2939521667967618,Low Risk,2026-08-28_131115,2026-09-16T08:06:57.566406
4931,0.4007880767040943,1,Non-repayment predicted,1,1,True,0.2939521667967618,Medium Risk,2026-08-28_131115,2026-09-16T08:06:57.566406
285,0.100913626826285,0,Repayment predicted,0,0,True,0.2939521667967618,Low Risk,2026-08-28_131115,2026-09-16T08:06:57.566406
4737,0.0477609338862574,0,Repayment predicted,0,0,True,0.2939521667967618,Low Risk,2026-08-28_131115,2026-09-16T08:06:57.566406
6144,0.517922714368421,1,Non-repayment predicted,1,1,True,0.2939521667967618,High Risk,2026-08-28_131115,2026-09-16T08:06:57.566406
3019,0.1114581834700329,0,Repayment predicted,0,0,True,0.2939521667967618,Low Risk,2026-08-28_131115,2026-09-16T08:06:57.566406
1515,0.4366854165682126,1,Non-repayment predicted,1,1,True,0.2939521667967618,Medium Risk,2026-08-28_131115,2026-09-16T08:06:57.566406
1678,0.0534853536654966,0,Repayment predicted,0,0,True,0.2939521667967618,Low Risk,2026-08-28_131115,2026-09-16T08:06:57.566406
5464,0.508915140282242,1,Non-repayment predicted,1,1,True,0.2939521667967618,High Risk,2026-08-28_131115,2026-09-16T08:06:57.566406
6589,0.4657503934876775,1,Non-repayment predicted,1,0,False,0.2939521667967618,Medium Risk,2026-08-28_131115,2026-09-16T08:06:57.566406
9467,0.0577654818204178,0,Repayment predicted,0,0,True,0.2939521667967618,Low Risk,2026-08-28_131115,2026-09-16T08:06:57.566406
7243,0.0654830275265061,0,Repayment predicted,0,0,True,0.2939521667967618,Low Risk,2026-08-28_131115,2026-09-16T08:06:57.566406
6903,0.3994217211142103,1,Non-repayment predicted,1,0,False,0.2939521667967618,Medium Risk,2026-08-28_131115,2026-09-16T08:06:57.566406
1681,0.5168428558887185,1,Non-repayment predicted,1,0,False,0.2939521667967618,High Risk,2026-08-28_131115,2026-09-16T08:06:57.566406
9711,0.5320241155757945,1,Non-repayment predicted,1,1,True,0.2939521667967618,High Risk,2026-08-28_131115,2026-09-16T08:06:57.566406
9886,0.4490465473425045,1,Non-repayment predicted,1,1,True,0.2939521667967618,Medium Risk,2026-08-28_131115,2026-09-16T08:06:57.566406
5659,0.4727595965472396,1,Non-repayment predicted,1,0,False,0.2939521667967618,Medium Risk,2026-08-28_131115,2026-09-16T08:06:57.566406
1373,0.4801183164518469,1,Non-repayment predicted,1,0,False,0.2939521667967618,Medium Risk,2026-08-28_131115,2026-09-16T08:06:57.566406
8021,0.5648203578261305,1,Non-repayment predicted,1,1,True,0.2939521667967618,High Risk,2026-08-28_131115,2026-09-16T08:06:57.566406
3127,0.5780549265365887,1,Non-repayment predicted,1,0,False,0.2939521667967618,High Risk,2026-08-28_131115,2026-09-16T08:06:57.566406
6116,0.5642582620102805,1,Non-repayment predicted,1,0,False,0.2939521667967618,High Risk,2026-08-28_131115,2026-09-16T08:06:57.566406
6310,0.0921954037671591,0,Repayment predicted,0,0,True,0.2939521667967618,Low Risk,2026-08-28_131115,2026-09-16T08:06:57.566406
6709,0.5275481568115982,1,Non-repayment predicted,1,0,False,0.2939521667967618,High Risk,2026-08-28_131115,2026-09-16T08:06:57.566406
303,0.4832159832369795,1,Non-repayment predicted,1,0,False,0.2939521667967618,Medium Risk,2026-08-28_131115,2026-09-16T08:06:57.566406
9706,0.4556842351688594,1,Non-repayment predicted,1,1,True,0.2939521667967618,Medium Risk,2026-08-28_131115,2026-09-16T08:06:57.566406
8038,0.0420096300383342,0,Repayment predicted,0,0,True,0.2939521667967618,Low Risk,2026-08-28_131115,2026-09-16T08:06:57.566406
3954,0.6186704937023652,1,Non-repayment predicted,1,0,False,0.2939521667967618,High Risk,2026-08-28_131115,2026-09-16T08:06:57.566406
3644,0.6206457230716068,1,Non-repayment predicted,1,1,True,0.2939521667967618,High Risk,2026-08-28_131115,2026-09-16T08:06:57.566406
3708,0.5370118692900222,1,Non-repayment predicted,1,1,True,0.2939521667967618,High Risk,2026-08-28_131115,2026-09-16T08:06:57.566406
7856,0.4220836964044157,1,Non-repayment predicted,1,1,True,0.2939521667967618,Medium Risk,2026-08-28_131115,2026-09-16T08:06:57.566406
